USE secondhand;

-- 生成20条普通用户数据和1条管理员数据
INSERT INTO `user` (`username`, `password`, `nickname`, `avatar`, `phone`, `email`, `credit_score`, `role`)
VALUES ('admin', '3b32279c2483cea75a5f7c219d25a331', '系统管理员',
        '/static/images/avatar/f3cc275fafbe4fb791141a6b38baa1d5.png', '13800000000', 'admin@secondhand.com', 100, 9),
       ('user01', '3b32279c2483cea75a5f7c219d25a331', '张三',
        '/static/images/avatar/f3cc275fafbe4fb791141a6b38baa1d5.png', '13700000001', 'user01@example.com', 98, 0),
       ('user02', '3b32279c2483cea75a5f7c219d25a331', '李四',
        '/static/images/avatar/f3cc275fafbe4fb791141a6b38baa1d5.png', '13700000002', 'user02@example.com', 100, 0),
       ('user03', '3b32279c2483cea75a5f7c219d25a331', '王五',
        '/static/images/avatar/f3cc275fafbe4fb791141a6b38baa1d5.png', '13700000003', 'user03@example.com', 95, 0),
       ('user04', '3b32279c2483cea75a5f7c219d25a331', '赵六',
        '/static/images/avatar/f3cc275fafbe4fb791141a6b38baa1d5.png', '13700000004', 'user04@example.com', 100, 0),
       ('user05', '3b32279c2483cea75a5f7c219d25a331', '小明',
        '/static/images/avatar/f3cc275fafbe4fb791141a6b38baa1d5.png', '13700000005', 'user05@example.com', 99, 0),
       ('user06', '3b32279c2483cea75a5f7c219d25a331', '小红',
        '/static/images/avatar/f3cc275fafbe4fb791141a6b38baa1d5.png', '13700000006', 'user06@example.com', 100, 0),
       ('user07', '3b32279c2483cea75a5f7c219d25a331', '小刚',
        '/static/images/avatar/f3cc275fafbe4fb791141a6b38baa1d5.png', '13700000007', 'user07@example.com', 100, 0),
       ('user08', '3b32279c2483cea75a5f7c219d25a331', '小丽',
        '/static/images/avatar/f3cc275fafbe4fb791141a6b38baa1d5.png', '13700000008', 'user08@example.com', 92, 0),
       ('user09', '3b32279c2483cea75a5f7c219d25a331', '大壮',
        '/static/images/avatar/f3cc275fafbe4fb791141a6b38baa1d5.png', '13700000009', 'user09@example.com', 100, 0),
       ('user10', '3b32279c2483cea75a5f7c219d25a331', '阿强',
        '/static/images/avatar/f3cc275fafbe4fb791141a6b38baa1d5.png', '13700000010', 'user10@example.com', 97, 0),
       ('user11', '3b32279c2483cea75a5f7c219d25a331', '欣欣',
        '/static/images/avatar/f3cc275fafbe4fb791141a6b38baa1d5.png', '13700000011', 'user11@example.com', 100, 0),
       ('user12', '3b32279c2483cea75a5f7c219d25a331', '亮亮',
        '/static/images/avatar/f3cc275fafbe4fb791141a6b38baa1d5.png', '13700000012', 'user12@example.com', 100, 0),
       ('user13', '3b32279c2483cea75a5f7c219d25a331', '婷婷',
        '/static/images/avatar/f3cc275fafbe4fb791141a6b38baa1d5.png', '13700000013', 'user13@example.com', 96, 0),
       ('user14', '3b32279c2483cea75a5f7c219d25a331', '聪聪',
        '/static/images/avatar/f3cc275fafbe4fb791141a6b38baa1d5.png', '13700000014', 'user14@example.com', 100, 0),
       ('user15', '3b32279c2483cea75a5f7c219d25a331', '文文',
        '/static/images/avatar/f3cc275fafbe4fb791141a6b38baa1d5.png', '13700000015', 'user15@example.com', 99, 0),
       ('user16', '3b32279c2483cea75a5f7c219d25a331', '天天',
        '/static/images/avatar/f3cc275fafbe4fb791141a6b38baa1d5.png', '13700000016', 'user16@example.com', 100, 0),
       ('user17', '3b32279c2483cea75a5f7c219d25a331', '小雨',
        '/static/images/avatar/f3cc275fafbe4fb791141a6b38baa1d5.png', '13700000017', 'user17@example.com', 100, 0),
       ('user18', '3b32279c2483cea75a5f7c219d25a331', '明明',
        '/static/images/avatar/f3cc275fafbe4fb791141a6b38baa1d5.png', '13700000018', 'user18@example.com', 93, 0),
       ('user19', '3b32279c2483cea75a5f7c219d25a331', '东东',
        '/static/images/avatar/f3cc275fafbe4fb791141a6b38baa1d5.png', '13700000019', 'user19@example.com', 100, 0),
       ('user20', '3b32279c2483cea75a5f7c219d25a331', '小花',
        '/static/images/avatar/f3cc275fafbe4fb791141a6b38baa1d5.png', '13700000020', 'user20@example.com', 98, 0);

-- 生成45条地址测试数据
INSERT INTO `address` (`user_id`, `receiver_name`, `receiver_phone`, `province`, `city`, `district`, `detail`,
                       `is_default`)
VALUES
-- 用户1有3个地址
(1, '管理员', '13800000000', '北京市', '北京市', '海淀区', '中关村软件园23号楼504室', 1),
(1, '管理员', '13800000000', '上海市', '上海市', '浦东新区', '张江高科技园区88号', 0),
(1, '管理员', '13800000000', '广东省', '深圳市', '南山区', '科技园南区A座302室', 0),
-- 用户2有3个地址
(2, '张三', '13700000001', '浙江省', '杭州市', '西湖区', '文三路478号华星时代广场', 1),
(2, '张三', '13700000001', '江苏省', '南京市', '玄武区', '中山东路8号', 0),
(2, '张三', '13700000001', '广东省', '广州市', '天河区', '天河路385号太古汇', 0),
-- 用户3有2个地址
(3, '李四', '13700000002', '四川省', '成都市', '武侯区', '天府大道北段1700号', 1),
(3, '李四', '13700000002', '湖北省', '武汉市', '江汉区', '解放大道2412号', 0),
-- 用户4有3个地址
(4, '王五', '13700000003', '陕西省', '西安市', '雁塔区', '高新路60号', 1),
(4, '王五', '13700000003', '重庆市', '重庆市', '渝中区', '解放碑步行街18号', 0),
(4, '王五', '13700000003', '福建省', '厦门市', '思明区', '湖滨南路76号', 0),
-- 用户5有2个地址
(5, '赵六', '13700000004', '山东省', '青岛市', '市南区', '香港中路12号', 1),
(5, '赵六', '13700000004', '辽宁省', '大连市', '中山区', '人民路19号', 0),
-- 用户6有2个地址
(6, '小明', '13700000005', '江西省', '南昌市', '东湖区', '八一大道125号', 1),
(6, '小明', '13700000005', '安徽省', '合肥市', '蜀山区', '长江西路189号', 0),
-- 用户7有2个地址
(7, '小红', '13700000006', '河南省', '郑州市', '金水区', '花园路36号', 1),
(7, '小红', '13700000006', '湖南省', '长沙市', '岳麓区', '湖南大学校区', 0),
-- 用户8有2个地址
(8, '小刚', '13700000007', '云南省', '昆明市', '五华区', '翠湖北路7号', 1),
(8, '小刚', '13700000007', '贵州省', '贵阳市', '南明区', '花果园J区12栋', 0),
-- 用户9有2个地址
(9, '小丽', '13700000008', '广西壮族自治区', '南宁市', '青秀区', '民族大道131号', 1),
(9, '小丽', '13700000008', '海南省', '海口市', '美兰区', '国兴大道5号', 0),
-- 用户10有2个地址
(10, '大壮', '13700000009', '天津市', '天津市', '河西区', '友谊路47号', 1),
(10, '大壮', '13700000009', '河北省', '石家庄市', '桥西区', '中山西路83号', 0),
-- 用户11有2个地址
(11, '阿强', '13700000010', '山西省', '太原市', '小店区', '长风街345号', 1),
(11, '阿强', '13700000010', '内蒙古自治区', '呼和浩特市', '回民区', '中山西路17号', 0),
-- 用户12有2个地址
(12, '欣欣', '13700000011', '吉林省', '长春市', '南关区', '人民大街4088号', 1),
(12, '欣欣', '13700000011', '黑龙江省', '哈尔滨市', '南岗区', '黄河路90号', 0),
-- 用户13有2个地址
(13, '亮亮', '13700000012', '新疆维吾尔自治区', '乌鲁木齐市', '天山区', '人民路73号', 1),
(13, '亮亮', '13700000012', '青海省', '西宁市', '城中区', '西大街28号', 0),
-- 用户14有2个地址
(14, '婷婷', '13700000013', '甘肃省', '兰州市', '城关区', '东岗西路718号', 1),
(14, '婷婷', '13700000013', '宁夏回族自治区', '银川市', '兴庆区', '解放西街42号', 0),
-- 用户15有2个地址
(15, '聪聪', '13700000014', '西藏自治区', '拉萨市', '城关区', '北京中路27号', 1),
(15, '聪聪', '13700000014', '北京市', '北京市', '朝阳区', '建国路89号', 0),
-- 用户16有2个地址
(16, '文文', '13700000015', '上海市', '上海市', '黄浦区', '南京东路112号', 1),
(16, '文文', '13700000015', '浙江省', '宁波市', '海曙区', '中山东路238号', 0),
-- 用户17有2个地址
(17, '天天', '13700000016', '江苏省', '苏州市', '姑苏区', '平江路178号', 1),
(17, '天天', '13700000016', '广东省', '东莞市', '南城区', '鸿福路123号', 0),
-- 用户18有2个地址
(18, '小雨', '13700000017', '福建省', '福州市', '鼓楼区', '五四路138号', 1),
(18, '小雨', '13700000017', '江西省', '赣州市', '章贡区', '章江北大道15号', 0),
-- 用户19有2个地址
(19, '明明', '13700000018', '安徽省', '芜湖市', '镜湖区', '镜湖路100号', 1),
(19, '明明', '13700000018', '河南省', '洛阳市', '西工区', '凯旋东路20号', 0),
-- 用户20有2个地址
(20, '东东', '13700000019', '湖北省', '宜昌市', '西陵区', '东山大道118号', 1),
(20, '东东', '13700000019', '湖南省', '株洲市', '天元区', '珠江北路66号', 0),
-- 用户21有1个地址
(21, '小花', '13700000020', '重庆市', '重庆市', '江北区', '观音桥步行街199号', 1);

-- 插入商品分类数据
INSERT INTO `category` (`id`, `name`, `parent_id`, `sort`)
VALUES (1, '电子产品', 0, 1),
       (2, '手机', 1, 1),
       (3, '电脑', 1, 2),
       (4, '平板', 1, 3),
       (5, '数码配件', 1, 4),
       (6, '服装', 0, 2),
       (7, '男装', 6, 1),
       (8, '女装', 6, 2),
       (9, '童装', 6, 3),
       (10, '图书', 0, 3),
       (11, '教材教辅', 10, 1),
       (12, '小说文学', 10, 2),
       (13, '生活用品', 0, 4),
       (14, '家居用品', 13, 1),
       (15, '体育用品', 0, 5);

-- 生成30条商品测试数据
INSERT INTO `product` (`user_id`, `title`, `description`, `price`, `category_id`, `status`, `product_quality`,
                       `view_count`)
VALUES (2, 'iPhone 13 128G 午夜色', '去年买的，九成新，没有磕碰，电池健康度90%，原装配件齐全，有发票。', 3999.00, 2, 1, 2,
        120),
       (3, 'MacBook Pro 2020款', '2020年购入，i5处理器，16G内存，512G固态硬盘，使用频率不高，几乎全新。', 5999.00, 3, 1, 2,
        98),
       (4, 'iPad Air 4 64G WIFI版', '去年购买，非常爱惜，无划痕，配件齐全，原装充电器，带原装保护套。', 2899.00, 4, 1, 2, 76),
       (5, 'AirPods Pro', '今年初购买，音质非常好，降噪效果出色，耳塞都已消毒。', 999.00, 5, 1, 2, 56),
       (6, '华为 MateBook 14', '2021款，i7处理器，16G内存，512G硬盘，原装充电器，成色非常好。', 4599.00, 3, 1, 3, 87),
       (7, '小米11 Ultra 256G', '顶配版本，使用半年，屏幕贴膜，带保护壳，性能强劲。', 3799.00, 2, 1, 3, 65),
       (8, '耐克 Air Jordan 1', '42码，正品保证，购买不到一个月，穿过两次，带盒子吊牌齐全。', 1299.00, 15, 1, 1, 45),
       (9, '《Java编程思想》第5版', '全新未拆封，原价119元，多买了一本。', 79.00, 11, 1, 1, 32),
       (10, 'ZARA 男士夹克', 'M码，今年新款，只穿过一次，不太合身，99新。', 399.00, 7, 1, 1, 28),
       (11, '三星 Galaxy S21', '去年旗舰机，8+256G，成色不错，电池健康，带两个保护壳。', 2999.00, 2, 1, 3, 42),
       (12, '森马休闲裤', '33码，全新带吊牌，买小了没穿过。', 99.00, 7, 1, 1, 19),
       (2, '大学高等数学教材', '高等数学第七版上下册，使用痕迹不多，无笔记。', 45.00, 11, 1, 3, 22),
       (3, '索尼 WH-1000XM4 耳机', '降噪耳机，买了几个月，音质非常好，降噪效果顶级。', 1499.00, 5, 1, 2, 54),
       (4, '安踏运动鞋', '跑步鞋，41码，买大了，只穿过两次，几乎全新。', 199.00, 15, 1, 2, 33),
       (5, 'H&M女士连衣裙', 'S码，春夏款，只穿过一次，干洗过。', 149.00, 8, 1, 2, 48),
       (6, '罗技 G502 鼠标', '游戏鼠标，手感极佳，买了新的所以出。', 249.00, 5, 1, 3, 36),
       (7, '《红楼梦》全套', '人民文学出版社，精装珍藏版，全新。', 168.00, 12, 1, 1, 29),
       (8, 'IKEA 简约台灯', '北欧风格，LED灯泡，节能环保，几乎全新。', 89.00, 14, 1, 2, 43),
       (9, 'OnePlus 9 Pro', '8+256G，松绿色，使用3个月，无划痕无磕碰，原装充电器。', 3499.00, 2, 1, 2, 67),
       (10, '优衣库男士T恤', 'L码，夏季款，穿过一次，纯棉材质，洗过一次。', 69.00, 7, 1, 2, 25),
       (11, '小米平板5 Pro', '骁龙870，6+128G，WIFI版，全新未拆封。', 1899.00, 4, 1, 1, 88),
       (12, '乐高星球大战系列', '75192千年隼，全新未拆，市场价7000+。', 5999.00, 14, 1, 1, 112),
       (13, 'RTX 3070显卡', '华硕ROG系列，购于2022年初，95新，带包装盒。', 3299.00, 5, 1, 2, 96),
       (14, '《算法导论》英文原版', '第三版，有少量铅笔记号可擦除。', 129.00, 11, 1, 3, 32),
       (15, '戴森吹风机HD03', '紫红色，正品保证，带所有配件，发票保修期内。', 1899.00, 14, 1, 2, 78),
       (16, 'Kindle Paperwhite 4', '8G版本，屏幕无划痕，电池续航良好。', 599.00, 5, 1, 3, 45),
       (17, '任天堂Switch', '红蓝手柄，港版，带两个游戏卡带，保护膜已贴好。', 1599.00, 5, 1, 3, 87),
       (18, '居家拖鞋', '冬季保暖款，40-41码，全新。', 39.00, 14, 1, 1, 18),
       (19, '古驰GG Marmont包', '正品，小号，黑色，带防尘袋和购物小票。', 9999.00, 8, 1, 2, 156),
       (20, '折叠自行车', '20寸，变速系统完好，适合通勤。', 799.00, 15, 1, 3, 65);

-- 为商品图片表添加45条测试数据
INSERT INTO `product_image` (`product_id`, `image_url`, `sort`)
VALUES
-- 商品1的图片（3张）
(1, '/static/images/products/10077f53cf0e429f841c67f5aa2a9bfa.jpg', 0),
(1, '/static/images/products/10077f53cf0e429f841c67f5aa2a9bfa.jpg', 1),
(1, '/static/images/products/10077f53cf0e429f841c67f5aa2a9bfa.jpg', 2),
-- 商品2的图片（2张）
(2, '/static/images/products/10077f53cf0e429f841c67f5aa2a9bfa.jpg', 0),
(2, '/static/images/products/10077f53cf0e429f841c67f5aa2a9bfa.jpg', 1),
-- 商品3的图片（2张）
(3, '/static/images/products/10077f53cf0e429f841c67f5aa2a9bfa.jpg', 0),
(3, '/static/images/products/10077f53cf0e429f841c67f5aa2a9bfa.jpg', 1),
-- 商品4的图片（1张）
(4, '/static/images/products/10077f53cf0e429f841c67f5aa2a9bfa.jpg', 0),
-- 商品5的图片（2张）
(5, '/static/images/products/10077f53cf0e429f841c67f5aa2a9bfa.jpg', 0),
(5, '/static/images/products/10077f53cf0e429f841c67f5aa2a9bfa.jpg', 1),
-- 商品6的图片（2张）
(6, '/static/images/products/10077f53cf0e429f841c67f5aa2a9bfa.jpg', 0),
(6, '/static/images/products/10077f53cf0e429f841c67f5aa2a9bfa.jpg', 1),
-- 商品7的图片（1张）
(7, '/static/images/products/10077f53cf0e429f841c67f5aa2a9bfa.jpg', 0),
-- 商品8的图片（2张）
(8, '/static/images/products/10077f53cf0e429f841c67f5aa2a9bfa.jpg', 0),
(8, '/static/images/products/10077f53cf0e429f841c67f5aa2a9bfa.jpg', 1),
-- 商品9的图片（1张）
(9, '/static/images/products/10077f53cf0e429f841c67f5aa2a9bfa.jpg', 0),
-- 商品10的图片（1张）
(10, '/static/images/products/10077f53cf0e429f841c67f5aa2a9bfa.jpg', 0),
-- 商品11的图片（2张）
(11, '/static/images/products/10077f53cf0e429f841c67f5aa2a9bfa.jpg', 0),
(11, '/static/images/products/10077f53cf0e429f841c67f5aa2a9bfa.jpg', 1),
-- 商品12的图片（1张）
(12, '/static/images/products/10077f53cf0e429f841c67f5aa2a9bfa.jpg', 0),
-- 商品13的图片（1张）
(13, '/static/images/products/10077f53cf0e429f841c67f5aa2a9bfa.jpg', 0),
-- 商品14的图片（1张）
(14, '/static/images/products/10077f53cf0e429f841c67f5aa2a9bfa.jpg', 0),
-- 商品15的图片（3张）
(15, '/static/images/products/10077f53cf0e429f841c67f5aa2a9bfa.jpg', 0),
(15, '/static/images/products/10077f53cf0e429f841c67f5aa2a9bfa.jpg', 1),
(15, '/static/images/products/10077f53cf0e429f841c67f5aa2a9bfa.jpg', 2),
-- 商品16的图片（1张）
(16, '/static/images/products/10077f53cf0e429f841c67f5aa2a9bfa.jpg', 0),
-- 商品17的图片（1张）
(17, '/static/images/products/10077f53cf0e429f841c67f5aa2a9bfa.jpg', 0),
-- 商品18的图片（1张）
(18, '/static/images/products/10077f53cf0e429f841c67f5aa2a9bfa.jpg', 0),
-- 商品19的图片（2张）
(19, '/static/images/products/10077f53cf0e429f841c67f5aa2a9bfa.jpg', 0),
(19, '/static/images/products/10077f53cf0e429f841c67f5aa2a9bfa.jpg', 1),
-- 商品20的图片（2张）
(20, '/static/images/products/10077f53cf0e429f841c67f5aa2a9bfa.jpg', 0),
(20, '/static/images/products/10077f53cf0e429f841c67f5aa2a9bfa.jpg', 1),
-- 商品21的图片（1张）
(21, '/static/images/products/10077f53cf0e429f841c67f5aa2a9bfa.jpg', 0),
-- 商品22的图片（1张）
(22, '/static/images/products/10077f53cf0e429f841c67f5aa2a9bfa.jpg', 0),
-- 商品23的图片（2张）
(23, '/static/images/products/10077f53cf0e429f841c67f5aa2a9bfa.jpg', 0),
(23, '/static/images/products/10077f53cf0e429f841c67f5aa2a9bfa.jpg', 1),
-- 商品24的图片（1张）
(24, '/static/images/products/10077f53cf0e429f841c67f5aa2a9bfa.jpg', 0),
-- 商品25的图片（2张）
(25, '/static/images/products/10077f53cf0e429f841c67f5aa2a9bfa.jpg', 0),
(25, '/static/images/products/10077f53cf0e429f841c67f5aa2a9bfa.jpg', 1),
-- 商品26的图片（1张）
(26, '/static/images/products/10077f53cf0e429f841c67f5aa2a9bfa.jpg', 0),
-- 商品27的图片（1张）
(27, '/static/images/products/10077f53cf0e429f841c67f5aa2a9bfa.jpg', 0),
-- 商品28的图片（1张）
(28, '/static/images/products/10077f53cf0e429f841c67f5aa2a9bfa.jpg', 0),
-- 商品29的图片（1张）
(29, '/static/images/products/10077f53cf0e429f841c67f5aa2a9bfa.jpg', 0),
-- 商品30的图片（1张）
(30, '/static/images/products/10077f53cf0e429f841c67f5aa2a9bfa.jpg', 0);

-- 生成60条收藏表测试数据
INSERT INTO `favorite` (`user_id`, `product_id`)
VALUES
-- 用户1收藏了6个商品
(1, 1),
(1, 5),
(1, 8),
(1, 15),
(1, 19),
(1, 23),
-- 用户2收藏了5个商品
(2, 3),
(2, 7),
(2, 11),
(2, 17),
(2, 25),
-- 用户3收藏了5个商品
(3, 2),
(3, 6),
(3, 13),
(3, 19),
(3, 26),
-- 用户4收藏了4个商品
(4, 1),
(4, 9),
(4, 16),
(4, 22),
-- 用户5收藏了3个商品
(5, 4),
(5, 12),
(5, 20),
-- 用户6收藏了3个商品
(6, 5),
(6, 14),
(6, 24),
-- 用户7收藏了3个商品
(7, 8),
(7, 15),
(7, 27),
-- 用户8收藏了3个商品
(8, 3),
(8, 10),
(8, 18),
-- 用户9收藏了3个商品
(9, 2),
(9, 11),
(9, 21),
-- 用户10收藏了3个商品
(10, 7),
(10, 19),
(10, 28),
-- 用户11收藏了3个商品
(11, 6),
(11, 13),
(11, 23),
-- 用户12收藏了3个商品
(12, 1),
(12, 10),
(12, 29),
-- 用户13收藏了3个商品
(13, 4),
(13, 14),
(13, 22),
-- 用户14收藏了3个商品
(14, 9),
(14, 20),
(14, 30),
-- 用户15收藏了3个商品
(15, 5),
(15, 12),
(15, 25),
-- 用户16收藏了2个商品
(16, 8),
(16, 17),
-- 用户17收藏了2个商品
(17, 2),
(17, 16),
-- 用户18收藏了2个商品
(18, 3),
(18, 21),
-- 用户19收藏了1个商品
(19, 19),
-- 用户20收藏了1个商品
(20, 30);
