INSERT INTO `address` (`id`, `user_id`, `receiver_name`, `receiver_phone`, `province`, `city`, `district`, `detail`,
                       `is_default`, `create_time`, `update_time`, `deleted`)
VALUES (1, 1, '管理员', '13800000000', '北京市', '北京市', '海淀区', '中关村软件园23号楼504室', 1,
        '2025-05-03 21:30:22', '2025-05-03 21:30:22', 0);
INSERT INTO `address` (`id`, `user_id`, `receiver_name`, `receiver_phone`, `province`, `city`, `district`, `detail`,
                       `is_default`, `create_time`, `update_time`, `deleted`)
VALUES (2, 1, '管理员', '13800000000', '上海市', '上海市', '浦东新区', '张江高科技园区88号', 0, '2025-05-03 21:30:22',
        '2025-05-03 21:30:22', 0);
INSERT INTO `address` (`id`, `user_id`, `receiver_name`, `receiver_phone`, `province`, `city`, `district`, `detail`,
                       `is_default`, `create_time`, `update_time`, `deleted`)
VALUES (3, 1, '管理员', '13800000000', '广东省', '深圳市', '南山区', '科技园南区A座302室', 0, '2025-05-03 21:30:22',
        '2025-05-03 21:30:22', 0);
INSERT INTO `address` (`id`, `user_id`, `receiver_name`, `receiver_phone`, `province`, `city`, `district`, `detail`,
                       `is_default`, `create_time`, `update_time`, `deleted`)
VALUES (4, 2, '张三', '13700000001', '浙江省', '杭州市', '西湖区', '文三路478号华星时代广场', 1, '2025-05-03 21:30:22',
        '2025-05-03 21:30:22', 0);
INSERT INTO `address` (`id`, `user_id`, `receiver_name`, `receiver_phone`, `province`, `city`, `district`, `detail`,
                       `is_default`, `create_time`, `update_time`, `deleted`)
VALUES (5, 2, '张三', '13700000001', '江苏省', '南京市', '玄武区', '中山东路8号', 0, '2025-05-03 21:30:22',
        '2025-05-03 21:30:22', 0);
INSERT INTO `address` (`id`, `user_id`, `receiver_name`, `receiver_phone`, `province`, `city`, `district`, `detail`,
                       `is_default`, `create_time`, `update_time`, `deleted`)
VALUES (6, 2, '张三', '13700000001', '广东省', '广州市', '天河区', '天河路385号太古汇', 0, '2025-05-03 21:30:22',
        '2025-05-03 21:30:22', 0);
INSERT INTO `address` (`id`, `user_id`, `receiver_name`, `receiver_phone`, `province`, `city`, `district`, `detail`,
                       `is_default`, `create_time`, `update_time`, `deleted`)
VALUES (7, 3, '李四', '13700000002', '四川省', '成都市', '武侯区', '天府大道北段1700号', 1, '2025-05-03 21:30:22',
        '2025-05-03 21:30:22', 0);
INSERT INTO `address` (`id`, `user_id`, `receiver_name`, `receiver_phone`, `province`, `city`, `district`, `detail`,
                       `is_default`, `create_time`, `update_time`, `deleted`)
VALUES (8, 3, '李四', '13700000002', '湖北省', '武汉市', '江汉区', '解放大道2412号', 0, '2025-05-03 21:30:22',
        '2025-05-03 21:30:22', 0);
INSERT INTO `address` (`id`, `user_id`, `receiver_name`, `receiver_phone`, `province`, `city`, `district`, `detail`,
                       `is_default`, `create_time`, `update_time`, `deleted`)
VALUES (9, 4, '王五', '13700000003', '陕西省', '西安市', '雁塔区', '高新路60号', 1, '2025-05-03 21:30:22',
        '2025-05-03 21:30:22', 0);
INSERT INTO `address` (`id`, `user_id`, `receiver_name`, `receiver_phone`, `province`, `city`, `district`, `detail`,
                       `is_default`, `create_time`, `update_time`, `deleted`)
VALUES (10, 4, '王五', '13700000003', '重庆市', '重庆市', '渝中区', '解放碑步行街18号', 0, '2025-05-03 21:30:22',
        '2025-05-03 21:30:22', 0);
INSERT INTO `address` (`id`, `user_id`, `receiver_name`, `receiver_phone`, `province`, `city`, `district`, `detail`,
                       `is_default`, `create_time`, `update_time`, `deleted`)
VALUES (11, 4, '王五', '13700000003', '福建省', '厦门市', '思明区', '湖滨南路76号', 0, '2025-05-03 21:30:22',
        '2025-05-03 21:30:22', 0);
INSERT INTO `address` (`id`, `user_id`, `receiver_name`, `receiver_phone`, `province`, `city`, `district`, `detail`,
                       `is_default`, `create_time`, `update_time`, `deleted`)
VALUES (12, 5, '赵六', '13700000004', '山东省', '青岛市', '市南区', '香港中路12号', 1, '2025-05-03 21:30:22',
        '2025-05-03 21:30:22', 0);
INSERT INTO `address` (`id`, `user_id`, `receiver_name`, `receiver_phone`, `province`, `city`, `district`, `detail`,
                       `is_default`, `create_time`, `update_time`, `deleted`)
VALUES (13, 5, '赵六', '13700000004', '辽宁省', '大连市', '中山区', '人民路19号', 0, '2025-05-03 21:30:22',
        '2025-05-03 21:30:22', 0);
INSERT INTO `address` (`id`, `user_id`, `receiver_name`, `receiver_phone`, `province`, `city`, `district`, `detail`,
                       `is_default`, `create_time`, `update_time`, `deleted`)
VALUES (14, 6, '小明', '13700000005', '江西省', '南昌市', '东湖区', '八一大道125号', 1, '2025-05-03 21:30:22',
        '2025-05-03 21:30:22', 0);
INSERT INTO `address` (`id`, `user_id`, `receiver_name`, `receiver_phone`, `province`, `city`, `district`, `detail`,
                       `is_default`, `create_time`, `update_time`, `deleted`)
VALUES (15, 6, '小明', '13700000005', '安徽省', '合肥市', '蜀山区', '长江西路189号', 0, '2025-05-03 21:30:22',
        '2025-05-03 21:30:22', 0);
INSERT INTO `address` (`id`, `user_id`, `receiver_name`, `receiver_phone`, `province`, `city`, `district`, `detail`,
                       `is_default`, `create_time`, `update_time`, `deleted`)
VALUES (16, 7, '小红', '13700000006', '河南省', '郑州市', '金水区', '花园路36号', 1, '2025-05-03 21:30:22',
        '2025-05-03 21:30:22', 0);
INSERT INTO `address` (`id`, `user_id`, `receiver_name`, `receiver_phone`, `province`, `city`, `district`, `detail`,
                       `is_default`, `create_time`, `update_time`, `deleted`)
VALUES (17, 7, '小红', '13700000006', '湖南省', '长沙市', '岳麓区', '湖南大学校区', 0, '2025-05-03 21:30:22',
        '2025-05-03 21:30:22', 0);
INSERT INTO `address` (`id`, `user_id`, `receiver_name`, `receiver_phone`, `province`, `city`, `district`, `detail`,
                       `is_default`, `create_time`, `update_time`, `deleted`)
VALUES (18, 8, '小刚', '13700000007', '云南省', '昆明市', '五华区', '翠湖北路7号', 1, '2025-05-03 21:30:22',
        '2025-05-03 21:30:22', 0);
INSERT INTO `address` (`id`, `user_id`, `receiver_name`, `receiver_phone`, `province`, `city`, `district`, `detail`,
                       `is_default`, `create_time`, `update_time`, `deleted`)
VALUES (19, 8, '小刚', '13700000007', '贵州省', '贵阳市', '南明区', '花果园J区12栋', 0, '2025-05-03 21:30:22',
        '2025-05-03 21:30:22', 0);
INSERT INTO `address` (`id`, `user_id`, `receiver_name`, `receiver_phone`, `province`, `city`, `district`, `detail`,
                       `is_default`, `create_time`, `update_time`, `deleted`)
VALUES (20, 9, '小丽', '13700000008', '广西壮族自治区', '南宁市', '青秀区', '民族大道131号', 1, '2025-05-03 21:30:22',
        '2025-05-03 21:30:22', 0);
INSERT INTO `address` (`id`, `user_id`, `receiver_name`, `receiver_phone`, `province`, `city`, `district`, `detail`,
                       `is_default`, `create_time`, `update_time`, `deleted`)
VALUES (21, 9, '小丽', '13700000008', '海南省', '海口市', '美兰区', '国兴大道5号', 0, '2025-05-03 21:30:22',
        '2025-05-03 21:30:22', 0);
INSERT INTO `address` (`id`, `user_id`, `receiver_name`, `receiver_phone`, `province`, `city`, `district`, `detail`,
                       `is_default`, `create_time`, `update_time`, `deleted`)
VALUES (22, 10, '大壮', '13700000009', '天津市', '天津市', '河西区', '友谊路47号', 1, '2025-05-03 21:30:22',
        '2025-05-03 21:30:22', 0);
INSERT INTO `address` (`id`, `user_id`, `receiver_name`, `receiver_phone`, `province`, `city`, `district`, `detail`,
                       `is_default`, `create_time`, `update_time`, `deleted`)
VALUES (23, 10, '大壮', '13700000009', '河北省', '石家庄市', '桥西区', '中山西路83号', 0, '2025-05-03 21:30:22',
        '2025-05-03 21:30:22', 0);
INSERT INTO `address` (`id`, `user_id`, `receiver_name`, `receiver_phone`, `province`, `city`, `district`, `detail`,
                       `is_default`, `create_time`, `update_time`, `deleted`)
VALUES (24, 11, '阿强', '13700000010', '山西省', '太原市', '小店区', '长风街345号', 1, '2025-05-03 21:30:22',
        '2025-05-03 21:30:22', 0);
INSERT INTO `address` (`id`, `user_id`, `receiver_name`, `receiver_phone`, `province`, `city`, `district`, `detail`,
                       `is_default`, `create_time`, `update_time`, `deleted`)
VALUES (25, 11, '阿强', '13700000010', '内蒙古自治区', '呼和浩特市', '回民区', '中山西路17号', 0, '2025-05-03 21:30:22',
        '2025-05-03 21:30:22', 0);
INSERT INTO `address` (`id`, `user_id`, `receiver_name`, `receiver_phone`, `province`, `city`, `district`, `detail`,
                       `is_default`, `create_time`, `update_time`, `deleted`)
VALUES (26, 12, '欣欣', '13700000011', '吉林省', '长春市', '南关区', '人民大街4088号', 1, '2025-05-03 21:30:22',
        '2025-05-03 21:30:22', 0);
INSERT INTO `address` (`id`, `user_id`, `receiver_name`, `receiver_phone`, `province`, `city`, `district`, `detail`,
                       `is_default`, `create_time`, `update_time`, `deleted`)
VALUES (27, 12, '欣欣', '13700000011', '黑龙江省', '哈尔滨市', '南岗区', '黄河路90号', 0, '2025-05-03 21:30:22',
        '2025-05-03 21:30:22', 0);
INSERT INTO `address` (`id`, `user_id`, `receiver_name`, `receiver_phone`, `province`, `city`, `district`, `detail`,
                       `is_default`, `create_time`, `update_time`, `deleted`)
VALUES (28, 13, '亮亮', '13700000012', '新疆维吾尔自治区', '乌鲁木齐市', '天山区', '人民路73号', 1,
        '2025-05-03 21:30:22', '2025-05-03 21:30:22', 0);
INSERT INTO `address` (`id`, `user_id`, `receiver_name`, `receiver_phone`, `province`, `city`, `district`, `detail`,
                       `is_default`, `create_time`, `update_time`, `deleted`)
VALUES (29, 13, '亮亮', '13700000012', '青海省', '西宁市', '城中区', '西大街28号', 0, '2025-05-03 21:30:22',
        '2025-05-03 21:30:22', 0);
INSERT INTO `address` (`id`, `user_id`, `receiver_name`, `receiver_phone`, `province`, `city`, `district`, `detail`,
                       `is_default`, `create_time`, `update_time`, `deleted`)
VALUES (30, 14, '婷婷', '13700000013', '甘肃省', '兰州市', '城关区', '东岗西路718号', 1, '2025-05-03 21:30:22',
        '2025-05-03 21:30:22', 0);
INSERT INTO `address` (`id`, `user_id`, `receiver_name`, `receiver_phone`, `province`, `city`, `district`, `detail`,
                       `is_default`, `create_time`, `update_time`, `deleted`)
VALUES (31, 14, '婷婷', '13700000013', '宁夏回族自治区', '银川市', '兴庆区', '解放西街42号', 0, '2025-05-03 21:30:22',
        '2025-05-03 21:30:22', 0);
INSERT INTO `address` (`id`, `user_id`, `receiver_name`, `receiver_phone`, `province`, `city`, `district`, `detail`,
                       `is_default`, `create_time`, `update_time`, `deleted`)
VALUES (32, 15, '聪聪', '13700000014', '西藏自治区', '拉萨市', '城关区', '北京中路27号', 1, '2025-05-03 21:30:22',
        '2025-05-03 21:30:22', 0);
INSERT INTO `address` (`id`, `user_id`, `receiver_name`, `receiver_phone`, `province`, `city`, `district`, `detail`,
                       `is_default`, `create_time`, `update_time`, `deleted`)
VALUES (33, 15, '聪聪', '13700000014', '北京市', '北京市', '朝阳区', '建国路89号', 0, '2025-05-03 21:30:22',
        '2025-05-03 21:30:22', 0);
INSERT INTO `address` (`id`, `user_id`, `receiver_name`, `receiver_phone`, `province`, `city`, `district`, `detail`,
                       `is_default`, `create_time`, `update_time`, `deleted`)
VALUES (34, 16, '文文', '13700000015', '上海市', '上海市', '黄浦区', '南京东路112号', 1, '2025-05-03 21:30:22',
        '2025-05-03 21:30:22', 0);
INSERT INTO `address` (`id`, `user_id`, `receiver_name`, `receiver_phone`, `province`, `city`, `district`, `detail`,
                       `is_default`, `create_time`, `update_time`, `deleted`)
VALUES (35, 16, '文文', '13700000015', '浙江省', '宁波市', '海曙区', '中山东路238号', 0, '2025-05-03 21:30:22',
        '2025-05-03 21:30:22', 0);
INSERT INTO `address` (`id`, `user_id`, `receiver_name`, `receiver_phone`, `province`, `city`, `district`, `detail`,
                       `is_default`, `create_time`, `update_time`, `deleted`)
VALUES (36, 17, '天天', '13700000016', '江苏省', '苏州市', '姑苏区', '平江路178号', 1, '2025-05-03 21:30:22',
        '2025-05-03 21:30:22', 0);
INSERT INTO `address` (`id`, `user_id`, `receiver_name`, `receiver_phone`, `province`, `city`, `district`, `detail`,
                       `is_default`, `create_time`, `update_time`, `deleted`)
VALUES (37, 17, '天天', '13700000016', '广东省', '东莞市', '南城区', '鸿福路123号', 0, '2025-05-03 21:30:22',
        '2025-05-03 21:30:22', 0);
INSERT INTO `address` (`id`, `user_id`, `receiver_name`, `receiver_phone`, `province`, `city`, `district`, `detail`,
                       `is_default`, `create_time`, `update_time`, `deleted`)
VALUES (38, 18, '小雨', '13700000017', '福建省', '福州市', '鼓楼区', '五四路138号', 1, '2025-05-03 21:30:22',
        '2025-05-03 21:30:22', 0);
INSERT INTO `address` (`id`, `user_id`, `receiver_name`, `receiver_phone`, `province`, `city`, `district`, `detail`,
                       `is_default`, `create_time`, `update_time`, `deleted`)
VALUES (39, 18, '小雨', '13700000017', '江西省', '赣州市', '章贡区', '章江北大道15号', 0, '2025-05-03 21:30:22',
        '2025-05-03 21:30:22', 0);
INSERT INTO `address` (`id`, `user_id`, `receiver_name`, `receiver_phone`, `province`, `city`, `district`, `detail`,
                       `is_default`, `create_time`, `update_time`, `deleted`)
VALUES (40, 19, '明明', '13700000018', '安徽省', '芜湖市', '镜湖区', '镜湖路100号', 1, '2025-05-03 21:30:22',
        '2025-05-03 21:30:22', 0);
INSERT INTO `address` (`id`, `user_id`, `receiver_name`, `receiver_phone`, `province`, `city`, `district`, `detail`,
                       `is_default`, `create_time`, `update_time`, `deleted`)
VALUES (41, 19, '明明', '13700000018', '河南省', '洛阳市', '西工区', '凯旋东路20号', 0, '2025-05-03 21:30:22',
        '2025-05-03 21:30:22', 0);
INSERT INTO `address` (`id`, `user_id`, `receiver_name`, `receiver_phone`, `province`, `city`, `district`, `detail`,
                       `is_default`, `create_time`, `update_time`, `deleted`)
VALUES (42, 20, '东东', '13700000019', '湖北省', '宜昌市', '西陵区', '东山大道118号', 1, '2025-05-03 21:30:22',
        '2025-05-03 21:30:22', 0);
INSERT INTO `address` (`id`, `user_id`, `receiver_name`, `receiver_phone`, `province`, `city`, `district`, `detail`,
                       `is_default`, `create_time`, `update_time`, `deleted`)
VALUES (43, 20, '东东', '13700000019', '湖南省', '株洲市', '天元区', '珠江北路66号', 0, '2025-05-03 21:30:22',
        '2025-05-03 21:30:22', 0);
INSERT INTO `address` (`id`, `user_id`, `receiver_name`, `receiver_phone`, `province`, `city`, `district`, `detail`,
                       `is_default`, `create_time`, `update_time`, `deleted`)
VALUES (44, 21, '小花', '13700000020', '重庆市', '重庆市', '江北区', '观音桥步行街199号', 1, '2025-05-03 21:30:22',
        '2025-05-03 21:30:22', 0);
INSERT INTO `address` (`id`, `user_id`, `receiver_name`, `receiver_phone`, `province`, `city`, `district`, `detail`,
                       `is_default`, `create_time`, `update_time`, `deleted`)
VALUES (45, 22, '66', '18056157474', '上海', '上海市', '黄浦区', '66666', 0, '2025-05-04 00:02:46',
        '2025-05-04 00:02:46', 0);
INSERT INTO `category` (`id`, `name`, `parent_id`, `sort`, `create_time`)
VALUES (1, '电子产品', 0, 1, '2025-05-03 21:30:22');
INSERT INTO `category` (`id`, `name`, `parent_id`, `sort`, `create_time`)
VALUES (2, '手机', 1, 1, '2025-05-03 21:30:22');
INSERT INTO `category` (`id`, `name`, `parent_id`, `sort`, `create_time`)
VALUES (3, '电脑', 1, 2, '2025-05-03 21:30:22');
INSERT INTO `category` (`id`, `name`, `parent_id`, `sort`, `create_time`)
VALUES (4, '平板', 1, 3, '2025-05-03 21:30:22');
INSERT INTO `category` (`id`, `name`, `parent_id`, `sort`, `create_time`)
VALUES (5, '数码配件', 1, 4, '2025-05-03 21:30:22');
INSERT INTO `category` (`id`, `name`, `parent_id`, `sort`, `create_time`)
VALUES (6, '服装', 0, 2, '2025-05-03 21:30:22');
INSERT INTO `category` (`id`, `name`, `parent_id`, `sort`, `create_time`)
VALUES (7, '男装', 6, 1, '2025-05-03 21:30:22');
INSERT INTO `category` (`id`, `name`, `parent_id`, `sort`, `create_time`)
VALUES (8, '女装', 6, 2, '2025-05-03 21:30:22');
INSERT INTO `category` (`id`, `name`, `parent_id`, `sort`, `create_time`)
VALUES (9, '童装', 6, 3, '2025-05-03 21:30:22');
INSERT INTO `category` (`id`, `name`, `parent_id`, `sort`, `create_time`)
VALUES (10, '图书', 0, 3, '2025-05-03 21:30:22');
INSERT INTO `category` (`id`, `name`, `parent_id`, `sort`, `create_time`)
VALUES (11, '教材教辅', 10, 1, '2025-05-03 21:30:22');
INSERT INTO `category` (`id`, `name`, `parent_id`, `sort`, `create_time`)
VALUES (12, '小说文学', 10, 2, '2025-05-03 21:30:22');
INSERT INTO `category` (`id`, `name`, `parent_id`, `sort`, `create_time`)
VALUES (13, '生活用品', 0, 4, '2025-05-03 21:30:22');
INSERT INTO `category` (`id`, `name`, `parent_id`, `sort`, `create_time`)
VALUES (14, '家居用品', 13, 1, '2025-05-03 21:30:22');
INSERT INTO `category` (`id`, `name`, `parent_id`, `sort`, `create_time`)
VALUES (15, '体育用品', 0, 5, '2025-05-03 21:30:22');
INSERT INTO `comment` (`id`, `order_id`, `user_id`, `product_id`, `content`, `rating`, `create_time`, `deleted`)
VALUES (1, 5, 1, 25, '非常', 5, '2025-05-03 22:41:43', 0);
INSERT INTO `comment` (`id`, `order_id`, `user_id`, `product_id`, `content`, `rating`, `create_time`, `deleted`)
VALUES (2, 7, 22, 22, '很差', 1, '2025-05-04 00:05:00', 0);
INSERT INTO `comment` (`id`, `order_id`, `user_id`, `product_id`, `content`, `rating`, `create_time`, `deleted`)
VALUES (3, 8, 21, 29, '好贵', 5, '2025-05-04 12:25:16', 0);
INSERT INTO `favorite` (`id`, `user_id`, `product_id`, `create_time`)
VALUES (1, 1, 1, '2025-05-03 21:30:22');
INSERT INTO `favorite` (`id`, `user_id`, `product_id`, `create_time`)
VALUES (2, 1, 5, '2025-05-03 21:30:22');
INSERT INTO `favorite` (`id`, `user_id`, `product_id`, `create_time`)
VALUES (3, 1, 8, '2025-05-03 21:30:22');
INSERT INTO `favorite` (`id`, `user_id`, `product_id`, `create_time`)
VALUES (4, 1, 15, '2025-05-03 21:30:22');
INSERT INTO `favorite` (`id`, `user_id`, `product_id`, `create_time`)
VALUES (5, 1, 19, '2025-05-03 21:30:22');
INSERT INTO `favorite` (`id`, `user_id`, `product_id`, `create_time`)
VALUES (6, 1, 23, '2025-05-03 21:30:22');
INSERT INTO `favorite` (`id`, `user_id`, `product_id`, `create_time`)
VALUES (7, 2, 3, '2025-05-03 21:30:22');
INSERT INTO `favorite` (`id`, `user_id`, `product_id`, `create_time`)
VALUES (8, 2, 7, '2025-05-03 21:30:22');
INSERT INTO `favorite` (`id`, `user_id`, `product_id`, `create_time`)
VALUES (9, 2, 11, '2025-05-03 21:30:22');
INSERT INTO `favorite` (`id`, `user_id`, `product_id`, `create_time`)
VALUES (10, 2, 17, '2025-05-03 21:30:22');
INSERT INTO `favorite` (`id`, `user_id`, `product_id`, `create_time`)
VALUES (11, 2, 25, '2025-05-03 21:30:22');
INSERT INTO `favorite` (`id`, `user_id`, `product_id`, `create_time`)
VALUES (12, 3, 2, '2025-05-03 21:30:22');
INSERT INTO `favorite` (`id`, `user_id`, `product_id`, `create_time`)
VALUES (13, 3, 6, '2025-05-03 21:30:22');
INSERT INTO `favorite` (`id`, `user_id`, `product_id`, `create_time`)
VALUES (14, 3, 13, '2025-05-03 21:30:22');
INSERT INTO `favorite` (`id`, `user_id`, `product_id`, `create_time`)
VALUES (15, 3, 19, '2025-05-03 21:30:22');
INSERT INTO `favorite` (`id`, `user_id`, `product_id`, `create_time`)
VALUES (16, 3, 26, '2025-05-03 21:30:22');
INSERT INTO `favorite` (`id`, `user_id`, `product_id`, `create_time`)
VALUES (17, 4, 1, '2025-05-03 21:30:22');
INSERT INTO `favorite` (`id`, `user_id`, `product_id`, `create_time`)
VALUES (18, 4, 9, '2025-05-03 21:30:22');
INSERT INTO `favorite` (`id`, `user_id`, `product_id`, `create_time`)
VALUES (19, 4, 16, '2025-05-03 21:30:22');
INSERT INTO `favorite` (`id`, `user_id`, `product_id`, `create_time`)
VALUES (20, 4, 22, '2025-05-03 21:30:22');
INSERT INTO `favorite` (`id`, `user_id`, `product_id`, `create_time`)
VALUES (21, 5, 4, '2025-05-03 21:30:22');
INSERT INTO `favorite` (`id`, `user_id`, `product_id`, `create_time`)
VALUES (22, 5, 12, '2025-05-03 21:30:22');
INSERT INTO `favorite` (`id`, `user_id`, `product_id`, `create_time`)
VALUES (23, 5, 20, '2025-05-03 21:30:22');
INSERT INTO `favorite` (`id`, `user_id`, `product_id`, `create_time`)
VALUES (24, 6, 5, '2025-05-03 21:30:22');
INSERT INTO `favorite` (`id`, `user_id`, `product_id`, `create_time`)
VALUES (25, 6, 14, '2025-05-03 21:30:22');
INSERT INTO `favorite` (`id`, `user_id`, `product_id`, `create_time`)
VALUES (26, 6, 24, '2025-05-03 21:30:22');
INSERT INTO `favorite` (`id`, `user_id`, `product_id`, `create_time`)
VALUES (27, 7, 8, '2025-05-03 21:30:22');
INSERT INTO `favorite` (`id`, `user_id`, `product_id`, `create_time`)
VALUES (28, 7, 15, '2025-05-03 21:30:22');
INSERT INTO `favorite` (`id`, `user_id`, `product_id`, `create_time`)
VALUES (29, 7, 27, '2025-05-03 21:30:22');
INSERT INTO `favorite` (`id`, `user_id`, `product_id`, `create_time`)
VALUES (30, 8, 3, '2025-05-03 21:30:22');
INSERT INTO `favorite` (`id`, `user_id`, `product_id`, `create_time`)
VALUES (31, 8, 10, '2025-05-03 21:30:22');
INSERT INTO `favorite` (`id`, `user_id`, `product_id`, `create_time`)
VALUES (32, 8, 18, '2025-05-03 21:30:22');
INSERT INTO `favorite` (`id`, `user_id`, `product_id`, `create_time`)
VALUES (33, 9, 2, '2025-05-03 21:30:22');
INSERT INTO `favorite` (`id`, `user_id`, `product_id`, `create_time`)
VALUES (34, 9, 11, '2025-05-03 21:30:22');
INSERT INTO `favorite` (`id`, `user_id`, `product_id`, `create_time`)
VALUES (35, 9, 21, '2025-05-03 21:30:22');
INSERT INTO `favorite` (`id`, `user_id`, `product_id`, `create_time`)
VALUES (36, 10, 7, '2025-05-03 21:30:22');
INSERT INTO `favorite` (`id`, `user_id`, `product_id`, `create_time`)
VALUES (37, 10, 19, '2025-05-03 21:30:22');
INSERT INTO `favorite` (`id`, `user_id`, `product_id`, `create_time`)
VALUES (38, 10, 28, '2025-05-03 21:30:22');
INSERT INTO `favorite` (`id`, `user_id`, `product_id`, `create_time`)
VALUES (39, 11, 6, '2025-05-03 21:30:22');
INSERT INTO `favorite` (`id`, `user_id`, `product_id`, `create_time`)
VALUES (40, 11, 13, '2025-05-03 21:30:22');
INSERT INTO `favorite` (`id`, `user_id`, `product_id`, `create_time`)
VALUES (41, 11, 23, '2025-05-03 21:30:22');
INSERT INTO `favorite` (`id`, `user_id`, `product_id`, `create_time`)
VALUES (42, 12, 1, '2025-05-03 21:30:22');
INSERT INTO `favorite` (`id`, `user_id`, `product_id`, `create_time`)
VALUES (43, 12, 10, '2025-05-03 21:30:22');
INSERT INTO `favorite` (`id`, `user_id`, `product_id`, `create_time`)
VALUES (44, 12, 29, '2025-05-03 21:30:22');
INSERT INTO `favorite` (`id`, `user_id`, `product_id`, `create_time`)
VALUES (45, 13, 4, '2025-05-03 21:30:22');
INSERT INTO `favorite` (`id`, `user_id`, `product_id`, `create_time`)
VALUES (46, 13, 14, '2025-05-03 21:30:22');
INSERT INTO `favorite` (`id`, `user_id`, `product_id`, `create_time`)
VALUES (47, 13, 22, '2025-05-03 21:30:22');
INSERT INTO `favorite` (`id`, `user_id`, `product_id`, `create_time`)
VALUES (48, 14, 9, '2025-05-03 21:30:22');
INSERT INTO `favorite` (`id`, `user_id`, `product_id`, `create_time`)
VALUES (49, 14, 20, '2025-05-03 21:30:22');
INSERT INTO `favorite` (`id`, `user_id`, `product_id`, `create_time`)
VALUES (50, 14, 30, '2025-05-03 21:30:22');
INSERT INTO `favorite` (`id`, `user_id`, `product_id`, `create_time`)
VALUES (51, 15, 5, '2025-05-03 21:30:22');
INSERT INTO `favorite` (`id`, `user_id`, `product_id`, `create_time`)
VALUES (52, 15, 12, '2025-05-03 21:30:22');
INSERT INTO `favorite` (`id`, `user_id`, `product_id`, `create_time`)
VALUES (53, 15, 25, '2025-05-03 21:30:22');
INSERT INTO `favorite` (`id`, `user_id`, `product_id`, `create_time`)
VALUES (54, 16, 8, '2025-05-03 21:30:22');
INSERT INTO `favorite` (`id`, `user_id`, `product_id`, `create_time`)
VALUES (55, 16, 17, '2025-05-03 21:30:22');
INSERT INTO `favorite` (`id`, `user_id`, `product_id`, `create_time`)
VALUES (56, 17, 2, '2025-05-03 21:30:22');
INSERT INTO `favorite` (`id`, `user_id`, `product_id`, `create_time`)
VALUES (57, 17, 16, '2025-05-03 21:30:22');
INSERT INTO `favorite` (`id`, `user_id`, `product_id`, `create_time`)
VALUES (58, 18, 3, '2025-05-03 21:30:22');
INSERT INTO `favorite` (`id`, `user_id`, `product_id`, `create_time`)
VALUES (59, 18, 21, '2025-05-03 21:30:22');
INSERT INTO `favorite` (`id`, `user_id`, `product_id`, `create_time`)
VALUES (60, 19, 19, '2025-05-03 21:30:22');
INSERT INTO `favorite` (`id`, `user_id`, `product_id`, `create_time`)
VALUES (61, 20, 30, '2025-05-03 21:30:22');
INSERT INTO `favorite` (`id`, `user_id`, `product_id`, `create_time`)
VALUES (62, 1, 27, '2025-05-03 21:52:42');
INSERT INTO `favorite` (`id`, `user_id`, `product_id`, `create_time`)
VALUES (63, 1, 29, '2025-05-03 22:07:28');
INSERT INTO `favorite` (`id`, `user_id`, `product_id`, `create_time`)
VALUES (64, 1, 22, '2025-05-03 22:10:23');
INSERT INTO `favorite` (`id`, `user_id`, `product_id`, `create_time`)
VALUES (65, 22, 29, '2025-05-04 00:01:50');
INSERT INTO `favorite` (`id`, `user_id`, `product_id`, `create_time`)
VALUES (66, 22, 22, '2025-05-04 00:02:17');
INSERT INTO `favorite` (`id`, `user_id`, `product_id`, `create_time`)
VALUES (68, 21, 29, '2025-05-04 12:23:03');
INSERT INTO `message` (`id`, `sender_id`, `receiver_id`, `content`, `is_read`, `create_time`)
VALUES (1, 1, 17, '你好', 0, '2025-05-03 21:52:54');
INSERT INTO `message` (`id`, `sender_id`, `receiver_id`, `content`, `is_read`, `create_time`)
VALUES (2, 1, 12, '你好你好', 0, '2025-05-03 22:10:15');
INSERT INTO `message` (`id`, `sender_id`, `receiver_id`, `content`, `is_read`, `create_time`)
VALUES (3, 15, 1, '你好你好你好你好你好', 0, '2025-05-03 22:40:47');
INSERT INTO `message` (`id`, `sender_id`, `receiver_id`, `content`, `is_read`, `create_time`)
VALUES (4, 22, 19, '你好', 0, '2025-05-04 00:02:03');
INSERT INTO `message` (`id`, `sender_id`, `receiver_id`, `content`, `is_read`, `create_time`)
VALUES (5, 12, 22, 'll', 0, '2025-05-04 00:04:25');
INSERT INTO `message` (`id`, `sender_id`, `receiver_id`, `content`, `is_read`, `create_time`)
VALUES (6, 21, 19, 'nhnh', 0, '2025-05-04 12:23:07');
INSERT INTO `message` (`id`, `sender_id`, `receiver_id`, `content`, `is_read`, `create_time`)
VALUES (7, 21, 19, '666', 0, '2025-05-04 12:23:09');
INSERT INTO `message` (`id`, `sender_id`, `receiver_id`, `content`, `is_read`, `create_time`)
VALUES (8, 21, 19, '6', 0, '2025-05-04 12:23:10');
INSERT INTO `message` (`id`, `sender_id`, `receiver_id`, `content`, `is_read`, `create_time`)
VALUES (9, 21, 19, '6', 0, '2025-05-04 12:23:12');
INSERT INTO `orders` (`id`, `order_no`, `buyer_id`, `seller_id`, `product_id`, `price`, `status`, `address_id`,
                      `create_time`, `update_time`, `deleted`, `payment_method`, `payment_status`, `payment_time`,
                      `transaction_no`, `message`, `is_commented`)
VALUES (1, '17462804021304444f5', 1, 3, 13, 1499.00, 5, 1, '2025-05-03 21:53:22', '2025-05-03 21:53:22', 0, NULL, 1,
        NULL, NULL, NULL, 0);
INSERT INTO `orders` (`id`, `order_no`, `buyer_id`, `seller_id`, `product_id`, `price`, `status`, `address_id`,
                      `create_time`, `update_time`, `deleted`, `payment_method`, `payment_status`, `payment_time`,
                      `transaction_no`, `message`, `is_commented`)
VALUES (2, '1746280744510150f19', 1, 7, 6, 3799.00, 5, 1, '2025-05-03 21:59:05', '2025-05-03 21:59:05', 0, NULL, 1,
        NULL, NULL, NULL, 0);
INSERT INTO `orders` (`id`, `order_no`, `buyer_id`, `seller_id`, `product_id`, `price`, `status`, `address_id`,
                      `create_time`, `update_time`, `deleted`, `payment_method`, `payment_status`, `payment_time`,
                      `transaction_no`, `message`, `is_commented`)
VALUES (3, '174628117435419c3ce', 1, 3, 13, 1499.00, 5, 1, '2025-05-03 22:06:14', '2025-05-03 22:06:14', 0, NULL, 1,
        NULL, NULL, NULL, 0);
INSERT INTO `orders` (`id`, `order_no`, `buyer_id`, `seller_id`, `product_id`, `price`, `status`, `address_id`,
                      `create_time`, `update_time`, `deleted`, `payment_method`, `payment_status`, `payment_time`,
                      `transaction_no`, `message`, `is_commented`)
VALUES (4, '17462813032203a8f7b', 1, 19, 29, 9999.00, 5, 1, '2025-05-03 22:08:23', '2025-05-03 22:08:23', 0, NULL, 1,
        NULL, NULL, NULL, 0);
INSERT INTO `orders` (`id`, `order_no`, `buyer_id`, `seller_id`, `product_id`, `price`, `status`, `address_id`,
                      `create_time`, `update_time`, `deleted`, `payment_method`, `payment_status`, `payment_time`,
                      `transaction_no`, `message`, `is_commented`)
VALUES (5, '17462813965938e8c50', 1, 15, 25, 1899.00, 4, 1, '2025-05-03 22:09:57', '2025-05-03 22:09:59', 0, 1, 2,
        '2025-05-03 22:09:59', 'e3a66e9f9314401e9e44508f9e3e20c3', '', 1);
INSERT INTO `orders` (`id`, `order_no`, `buyer_id`, `seller_id`, `product_id`, `price`, `status`, `address_id`,
                      `create_time`, `update_time`, `deleted`, `payment_method`, `payment_status`, `payment_time`,
                      `transaction_no`, `message`, `is_commented`)
VALUES (6, '1746281433575adac26', 1, 12, 22, 5999.00, 5, 1, '2025-05-03 22:10:34', '2025-05-03 22:10:34', 0, NULL, 1,
        NULL, NULL, NULL, 0);
INSERT INTO `orders` (`id`, `order_no`, `buyer_id`, `seller_id`, `product_id`, `price`, `status`, `address_id`,
                      `create_time`, `update_time`, `deleted`, `payment_method`, `payment_status`, `payment_time`,
                      `transaction_no`, `message`, `is_commented`)
VALUES (7, '1746288171350cce0fa', 22, 12, 22, 5999.00, 4, 45, '2025-05-01 00:02:51', '2025-05-04 00:07:54', 0, 3, 2,
        '2025-05-01 00:02:54', 'be55f9b2ea624a6b8ac33858589cdca1', '', 1);
INSERT INTO `orders` (`id`, `order_no`, `buyer_id`, `seller_id`, `product_id`, `price`, `status`, `address_id`,
                      `create_time`, `update_time`, `deleted`, `payment_method`, `payment_status`, `payment_time`,
                      `transaction_no`, `message`, `is_commented`)
VALUES (8, '174633263922923a0c2', 21, 19, 29, 9999.00, 4, 44, '2025-05-04 12:23:59', '2025-05-04 12:24:01', 0, 1, 2,
        '2025-05-04 12:24:01', 'bad2a8611fa4431d8bb7ad03eed0bca0', '', 1);
INSERT INTO `product` (`id`, `user_id`, `title`, `description`, `price`, `category_id`, `status`, `product_quality`,
                       `view_count`, `create_time`, `update_time`, `deleted`)
VALUES (1, 2, 'iPhone 13 128G 午夜色', '去年买的，九成新，没有磕碰，电池健康度90%，原装配件齐全，有发票。', 3999.00, 2, 1, 2,
        121, '2025-05-03 21:30:22', '2025-05-04 11:38:33', 0);
INSERT INTO `product` (`id`, `user_id`, `title`, `description`, `price`, `category_id`, `status`, `product_quality`,
                       `view_count`, `create_time`, `update_time`, `deleted`)
VALUES (2, 3, 'MacBook Pro 2020款', '2020年购入，i5处理器，16G内存，512G固态硬盘，使用频率不高，几乎全新。', 5999.00, 3, 1, 2,
        108, '2025-05-03 21:30:22', '2025-05-04 11:41:45', 0);
INSERT INTO `product` (`id`, `user_id`, `title`, `description`, `price`, `category_id`, `status`, `product_quality`,
                       `view_count`, `create_time`, `update_time`, `deleted`)
VALUES (3, 4, 'iPad Air 4 64G WIFI版', '去年购买，非常爱惜，无划痕，配件齐全，原装充电器，带原装保护套。', 2899.00, 4, 1, 2,
        77, '2025-05-03 21:30:22', '2025-05-04 11:45:31', 0);
INSERT INTO `product` (`id`, `user_id`, `title`, `description`, `price`, `category_id`, `status`, `product_quality`,
                       `view_count`, `create_time`, `update_time`, `deleted`)
VALUES (4, 5, 'AirPods Pro', '今年初购买，音质非常好，降噪效果出色，耳塞都已消毒。', 999.00, 5, 1, 2, 57,
        '2025-05-03 21:30:22', '2025-05-04 11:47:56', 0);
INSERT INTO `product` (`id`, `user_id`, `title`, `description`, `price`, `category_id`, `status`, `product_quality`,
                       `view_count`, `create_time`, `update_time`, `deleted`)
VALUES (5, 6, '华为 MateBook 14', '2021款，i7处理器，16G内存，512G硬盘，原装充电器，成色非常好。', 4599.00, 3, 1, 3, 88,
        '2025-05-03 21:30:22', '2025-05-04 11:50:00', 0);
INSERT INTO `product` (`id`, `user_id`, `title`, `description`, `price`, `category_id`, `status`, `product_quality`,
                       `view_count`, `create_time`, `update_time`, `deleted`)
VALUES (6, 7, '小米15 Ultra 256G', '顶配版本，使用半年，屏幕贴膜，带保护壳，性能强劲。', 3799.00, 2, 1, 3, 91,
        '2025-05-03 21:30:22', '2025-05-04 11:52:59', 0);
INSERT INTO `product` (`id`, `user_id`, `title`, `description`, `price`, `category_id`, `status`, `product_quality`,
                       `view_count`, `create_time`, `update_time`, `deleted`)
VALUES (7, 8, '耐克 Air Jordan 1', '42码，正品保证，购买不到一个月，穿过两次，带盒子吊牌齐全。', 1299.00, 15, 1, 1, 46,
        '2025-05-03 21:30:22', '2025-05-04 11:55:49', 0);
INSERT INTO `product` (`id`, `user_id`, `title`, `description`, `price`, `category_id`, `status`, `product_quality`,
                       `view_count`, `create_time`, `update_time`, `deleted`)
VALUES (8, 9, 'Java从入门到精通 第5版', '全新未拆封，原价119元，多买了一本。', 79.00, 11, 1, 1, 33, '2025-05-03 21:30:22',
        '2025-05-04 11:57:42', 0);
INSERT INTO `product` (`id`, `user_id`, `title`, `description`, `price`, `category_id`, `status`, `product_quality`,
                       `view_count`, `create_time`, `update_time`, `deleted`)
VALUES (9, 10, 'ZARA 男士夹克', 'M码，今年新款，只穿过一次，不太合身，99新。', 399.00, 7, 1, 1, 29, '2025-05-03 21:30:22',
        '2025-05-04 12:00:17', 0);
INSERT INTO `product` (`id`, `user_id`, `title`, `description`, `price`, `category_id`, `status`, `product_quality`,
                       `view_count`, `create_time`, `update_time`, `deleted`)
VALUES (10, 11, '三星 Galaxy S21', '去年旗舰机，8+256G，成色不错，电池健康，带两个保护壳。', 2999.00, 2, 1, 3, 43,
        '2025-05-03 21:30:22', '2025-05-04 12:01:33', 0);
INSERT INTO `product` (`id`, `user_id`, `title`, `description`, `price`, `category_id`, `status`, `product_quality`,
                       `view_count`, `create_time`, `update_time`, `deleted`)
VALUES (11, 12, '森马休闲裤', '33码，全新带吊牌，买小了没穿过。', 99.00, 7, 1, 1, 21, '2025-05-03 21:30:22',
        '2025-05-04 12:03:46', 0);
INSERT INTO `product` (`id`, `user_id`, `title`, `description`, `price`, `category_id`, `status`, `product_quality`,
                       `view_count`, `create_time`, `update_time`, `deleted`)
VALUES (12, 2, '大学高等数学教材', '高等数学第七版上下册，使用痕迹不多，无笔记。', 45.00, 11, 1, 3, 23,
        '2025-05-03 21:30:22', '2025-05-04 11:40:52', 0);
INSERT INTO `product` (`id`, `user_id`, `title`, `description`, `price`, `category_id`, `status`, `product_quality`,
                       `view_count`, `create_time`, `update_time`, `deleted`)
VALUES (13, 3, '索尼 WH-1000XM4 耳机', '降噪耳机，买了几个月，音质非常好，降噪效果顶级。', 1499.00, 5, 1, 2, 100,
        '2025-05-03 21:30:22', '2025-05-04 11:42:52', 0);
INSERT INTO `product` (`id`, `user_id`, `title`, `description`, `price`, `category_id`, `status`, `product_quality`,
                       `view_count`, `create_time`, `update_time`, `deleted`)
VALUES (14, 4, '安踏运动鞋', '跑步鞋，41码，买大了，只穿过两次，几乎全新。', 199.00, 15, 1, 2, 34, '2025-05-03 21:30:22',
        '2025-05-04 11:46:36', 0);
INSERT INTO `product` (`id`, `user_id`, `title`, `description`, `price`, `category_id`, `status`, `product_quality`,
                       `view_count`, `create_time`, `update_time`, `deleted`)
VALUES (15, 5, 'H&M女士连衣裙', 'S码，春夏款，只穿过一次，干洗过。', 149.00, 8, 1, 2, 49, '2025-05-03 21:30:22',
        '2025-05-04 11:48:33', 0);
INSERT INTO `product` (`id`, `user_id`, `title`, `description`, `price`, `category_id`, `status`, `product_quality`,
                       `view_count`, `create_time`, `update_time`, `deleted`)
VALUES (16, 6, '罗技 G502 鼠标', '游戏鼠标，手感极佳，买了新的所以出。', 249.00, 5, 1, 3, 37, '2025-05-03 21:30:22',
        '2025-05-04 11:51:08', 0);
INSERT INTO `product` (`id`, `user_id`, `title`, `description`, `price`, `category_id`, `status`, `product_quality`,
                       `view_count`, `create_time`, `update_time`, `deleted`)
VALUES (17, 7, '《红楼梦》全套', '人民文学出版社，精装珍藏版，全新。', 168.00, 12, 1, 1, 30, '2025-05-03 21:30:22',
        '2025-05-04 11:54:02', 0);
INSERT INTO `product` (`id`, `user_id`, `title`, `description`, `price`, `category_id`, `status`, `product_quality`,
                       `view_count`, `create_time`, `update_time`, `deleted`)
VALUES (18, 8, 'IKEA 简约台灯', '北欧风格，LED灯泡，节能环保，几乎全新。', 89.00, 14, 1, 2, 45, '2025-05-03 21:30:22',
        '2025-05-04 11:56:48', 0);
INSERT INTO `product` (`id`, `user_id`, `title`, `description`, `price`, `category_id`, `status`, `product_quality`,
                       `view_count`, `create_time`, `update_time`, `deleted`)
VALUES (19, 9, 'OnePlus 9 Pro', '8+256G，松绿色，使用3个月，无划痕无磕碰，原装充电器。', 3499.00, 2, 1, 2, 68,
        '2025-05-03 21:30:22', '2025-05-04 11:58:47', 0);
INSERT INTO `product` (`id`, `user_id`, `title`, `description`, `price`, `category_id`, `status`, `product_quality`,
                       `view_count`, `create_time`, `update_time`, `deleted`)
VALUES (20, 10, '优衣库男士T恤', 'L码，夏季款，穿过一次，纯棉材质，洗过一次。', 69.00, 7, 1, 2, 26, '2025-05-03 21:30:22',
        '2025-05-04 12:00:40', 0);
INSERT INTO `product` (`id`, `user_id`, `title`, `description`, `price`, `category_id`, `status`, `product_quality`,
                       `view_count`, `create_time`, `update_time`, `deleted`)
VALUES (21, 11, '小米平板5 Pro', '骁龙870，6+128G，WIFI版，全新未拆封。', 1899.00, 4, 1, 1, 89, '2025-05-03 21:30:22',
        '2025-05-04 12:01:56', 0);
INSERT INTO `product` (`id`, `user_id`, `title`, `description`, `price`, `category_id`, `status`, `product_quality`,
                       `view_count`, `create_time`, `update_time`, `deleted`)
VALUES (22, 12, '乐高星球大战系列', '75192千年隼，全新未拆，市场价7000+。', 5999.00, 14, 2, 1, 139, '2025-05-03 21:30:22',
        '2025-05-04 12:05:02', 0);
INSERT INTO `product` (`id`, `user_id`, `title`, `description`, `price`, `category_id`, `status`, `product_quality`,
                       `view_count`, `create_time`, `update_time`, `deleted`)
VALUES (23, 13, 'RTX 3070显卡', '华硕ROG系列，购于2022年初，95新，带包装盒。', 3299.00, 5, 1, 2, 97, '2025-05-03 21:30:22',
        '2025-05-04 12:05:24', 0);
INSERT INTO `product` (`id`, `user_id`, `title`, `description`, `price`, `category_id`, `status`, `product_quality`,
                       `view_count`, `create_time`, `update_time`, `deleted`)
VALUES (24, 14, '《算法导论》英文原版', '第三版，有少量铅笔记号可擦除。', 129.00, 11, 1, 3, 33, '2025-05-03 21:30:22',
        '2025-05-04 12:13:48', 0);
INSERT INTO `product` (`id`, `user_id`, `title`, `description`, `price`, `category_id`, `status`, `product_quality`,
                       `view_count`, `create_time`, `update_time`, `deleted`)
VALUES (25, 15, '戴森吹风机HD03', '紫红色，正品保证，带所有配件，发票保修期内。', 1899.00, 14, 2, 2, 113,
        '2025-05-03 21:30:22', '2025-05-04 12:16:39', 0);
INSERT INTO `product` (`id`, `user_id`, `title`, `description`, `price`, `category_id`, `status`, `product_quality`,
                       `view_count`, `create_time`, `update_time`, `deleted`)
VALUES (26, 16, 'Kindle Paperwhite 4', '8G版本，屏幕无划痕，电池续航良好。', 599.00, 5, 1, 3, 46, '2025-05-03 21:30:22',
        '2025-05-04 12:17:02', 0);
INSERT INTO `product` (`id`, `user_id`, `title`, `description`, `price`, `category_id`, `status`, `product_quality`,
                       `view_count`, `create_time`, `update_time`, `deleted`)
VALUES (27, 17, '任天堂Switch', '红蓝手柄，港版，带两个游戏卡带，保护膜已贴好。', 1599.00, 5, 1, 3, 99,
        '2025-05-03 21:30:22', '2025-05-04 12:19:26', 0);
INSERT INTO `product` (`id`, `user_id`, `title`, `description`, `price`, `category_id`, `status`, `product_quality`,
                       `view_count`, `create_time`, `update_time`, `deleted`)
VALUES (28, 18, '居家拖鞋', '冬季保暖款，40-41码，全新。', 39.00, 14, 1, 1, 19, '2025-05-03 21:30:22',
        '2025-05-04 12:20:04', 0);
INSERT INTO `product` (`id`, `user_id`, `title`, `description`, `price`, `category_id`, `status`, `product_quality`,
                       `view_count`, `create_time`, `update_time`, `deleted`)
VALUES (29, 19, '古驰GG Marmont包', '正品，小号，黑色，带防尘袋和购物小票。', 9999.00, 8, 2, 2, 183, '2025-05-03 21:30:22',
        '2025-05-04 12:25:18', 0);
INSERT INTO `product` (`id`, `user_id`, `title`, `description`, `price`, `category_id`, `status`, `product_quality`,
                       `view_count`, `create_time`, `update_time`, `deleted`)
VALUES (30, 20, '折叠自行车', '20寸，变速系统完好，适合通勤。', 799.00, 15, 1, 3, 67, '2025-05-03 21:30:22',
        '2025-05-04 12:21:46', 0);
INSERT INTO `product_image` (`id`, `product_id`, `image_url`, `sort`, `create_time`)
VALUES (34, 22, '/images/products//462f3de53efd4ed1b4d28519853d4e52.jpg', 0, '2025-05-03 21:30:22');
INSERT INTO `product_image` (`id`, `product_id`, `image_url`, `sort`, `create_time`)
VALUES (38, 25, '/images/products//33dccfa182fd42bebc15f2a4d503908d.jpg', 0, '2025-05-03 21:30:22');
INSERT INTO `product_image` (`id`, `product_id`, `image_url`, `sort`, `create_time`)
VALUES (45, 1, '/images/products//baf8947e7346488fb39554226c286bc9.jpg', 0, '2025-05-04 11:40:48');
INSERT INTO `product_image` (`id`, `product_id`, `image_url`, `sort`, `create_time`)
VALUES (46, 1, '/images/products//d672792fa5d74c76a848b872978b90cb.jpg', 1, '2025-05-04 11:40:48');
INSERT INTO `product_image` (`id`, `product_id`, `image_url`, `sort`, `create_time`)
VALUES (47, 12, '/images/products//abc6e42ffb644cc9941bdaf118206ac8.jpg', 0, '2025-05-04 11:41:18');
INSERT INTO `product_image` (`id`, `product_id`, `image_url`, `sort`, `create_time`)
VALUES (48, 2, '/images/products//b80a3d992b7e41a1baa4dee688292d66.jpg', 0, '2025-05-04 11:42:49');
INSERT INTO `product_image` (`id`, `product_id`, `image_url`, `sort`, `create_time`)
VALUES (49, 2, '/images/products//1aee21cdbf8c4dc8b7bfd3b14428f5cc.png', 1, '2025-05-04 11:42:49');
INSERT INTO `product_image` (`id`, `product_id`, `image_url`, `sort`, `create_time`)
VALUES (50, 13, '/images/products//2af4b26b32664649a61c3a3dfbc60a05.jpg', 0, '2025-05-04 11:44:19');
INSERT INTO `product_image` (`id`, `product_id`, `image_url`, `sort`, `create_time`)
VALUES (51, 3, '/images/products//07b1fca995aa4ae5b53d6ceb58b0f752.jpg', 0, '2025-05-04 11:46:01');
INSERT INTO `product_image` (`id`, `product_id`, `image_url`, `sort`, `create_time`)
VALUES (52, 3, '/images/products//dd662efc3ec7402e8f593cbc140cf48c.jpg', 1, '2025-05-04 11:46:01');
INSERT INTO `product_image` (`id`, `product_id`, `image_url`, `sort`, `create_time`)
VALUES (53, 14, '/images/products//c81c221e75e54f948ff81cd6792443c9.jpg', 0, '2025-05-04 11:47:05');
INSERT INTO `product_image` (`id`, `product_id`, `image_url`, `sort`, `create_time`)
VALUES (54, 14, '/images/products//ebb98eff0bbb410aa5725a82a85da6ff.jpg', 1, '2025-05-04 11:47:05');
INSERT INTO `product_image` (`id`, `product_id`, `image_url`, `sort`, `create_time`)
VALUES (55, 4, '/images/products//9e5dfe64fc904395b769b0f6589c9cb3.jpg', 0, '2025-05-04 11:48:30');
INSERT INTO `product_image` (`id`, `product_id`, `image_url`, `sort`, `create_time`)
VALUES (56, 4, '/images/products//d713e19094d6485f883e44ea195be4fb.jpg', 1, '2025-05-04 11:48:30');
INSERT INTO `product_image` (`id`, `product_id`, `image_url`, `sort`, `create_time`)
VALUES (57, 4, '/images/products//eaf9d3e604954b8d9176f8cf7e972724.jpg', 2, '2025-05-04 11:48:30');
INSERT INTO `product_image` (`id`, `product_id`, `image_url`, `sort`, `create_time`)
VALUES (58, 15, '/images/products//e928495d42b64cff8878220ed3da2ad4.jpg', 0, '2025-05-04 11:49:17');
INSERT INTO `product_image` (`id`, `product_id`, `image_url`, `sort`, `create_time`)
VALUES (59, 15, '/images/products//ec7e763307564e639bf10810bd656c36.jpg', 1, '2025-05-04 11:49:17');
INSERT INTO `product_image` (`id`, `product_id`, `image_url`, `sort`, `create_time`)
VALUES (60, 5, '/images/products//c9e76fed8b1d4e8f9a3cae4f573dc075.jpg', 0, '2025-05-04 11:51:06');
INSERT INTO `product_image` (`id`, `product_id`, `image_url`, `sort`, `create_time`)
VALUES (61, 5, '/images/products//63b395ef00ea4102bf7d0846fde03293.jpg', 1, '2025-05-04 11:51:06');
INSERT INTO `product_image` (`id`, `product_id`, `image_url`, `sort`, `create_time`)
VALUES (62, 16, '/images/products//e36bcb37a0354a49b2ac72c4dfaba58c.jpg', 0, '2025-05-04 11:51:38');
INSERT INTO `product_image` (`id`, `product_id`, `image_url`, `sort`, `create_time`)
VALUES (63, 6, '/images/products//aa6e34237b93428db8853cea58440943.jpg', 0, '2025-05-04 11:53:45');
INSERT INTO `product_image` (`id`, `product_id`, `image_url`, `sort`, `create_time`)
VALUES (64, 17, '/images/products//cd9d3414172b4d4cbe78cbc3c6bdb3a4.jpg', 0, '2025-05-04 11:54:25');
INSERT INTO `product_image` (`id`, `product_id`, `image_url`, `sort`, `create_time`)
VALUES (65, 7, '/images/products//b4ca4a930d134e2eb7c71835a7bcb604.jpg', 0, '2025-05-04 11:56:47');
INSERT INTO `product_image` (`id`, `product_id`, `image_url`, `sort`, `create_time`)
VALUES (66, 18, '/images/products//264ca144ce844255af992dc6b2579286.jpg', 0, '2025-05-04 11:57:11');
INSERT INTO `product_image` (`id`, `product_id`, `image_url`, `sort`, `create_time`)
VALUES (67, 8, '/images/products//2a2ad66f255f4cc480ca24d8c12126cc.jpg', 0, '2025-05-04 11:58:45');
INSERT INTO `product_image` (`id`, `product_id`, `image_url`, `sort`, `create_time`)
VALUES (68, 19, '/images/products//a62f08921ccf4a5f8dc8a2925b23ba0d.jpg', 0, '2025-05-04 11:59:41');
INSERT INTO `product_image` (`id`, `product_id`, `image_url`, `sort`, `create_time`)
VALUES (69, 9, '/images/products//ea9fdadb478a4c79bf03b8f4b356881a.jpg', 0, '2025-05-04 12:00:38');
INSERT INTO `product_image` (`id`, `product_id`, `image_url`, `sort`, `create_time`)
VALUES (70, 20, '/images/products//1bd356c2e8f94f96a3f370a736d73917.jpg', 0, '2025-05-04 12:01:03');
INSERT INTO `product_image` (`id`, `product_id`, `image_url`, `sort`, `create_time`)
VALUES (71, 10, '/images/products//5dd48a8150f34d1dbfb57b440e8b46e5.jpg', 0, '2025-05-04 12:01:54');
INSERT INTO `product_image` (`id`, `product_id`, `image_url`, `sort`, `create_time`)
VALUES (72, 21, '/images/products//8fd9f0025e6b431c9db125efd663f2dd.jpg', 0, '2025-05-04 12:02:18');
INSERT INTO `product_image` (`id`, `product_id`, `image_url`, `sort`, `create_time`)
VALUES (74, 11, '/images/products//775deeb0b74540a58633e50339d185ca.jpg', 0, '2025-05-04 12:04:54');
INSERT INTO `product_image` (`id`, `product_id`, `image_url`, `sort`, `create_time`)
VALUES (75, 11, '/images/products//462f3de53efd4ed1b4d28519853d4e52.jpg', 1, '2025-05-04 12:04:54');
INSERT INTO `product_image` (`id`, `product_id`, `image_url`, `sort`, `create_time`)
VALUES (76, 23, '/images/products//10c39076b1c2446bac3a0149ced4e943.jpg', 0, '2025-05-04 12:13:14');
INSERT INTO `product_image` (`id`, `product_id`, `image_url`, `sort`, `create_time`)
VALUES (77, 24, '/images/products//8dc33d76cf0f447796988b230b43cc61.jpg', 0, '2025-05-04 12:14:09');
INSERT INTO `product_image` (`id`, `product_id`, `image_url`, `sort`, `create_time`)
VALUES (78, 26, '/images/products//8cfb99a79a984758b887564f57626614.jpg', 0, '2025-05-04 12:17:24');
INSERT INTO `product_image` (`id`, `product_id`, `image_url`, `sort`, `create_time`)
VALUES (79, 27, '/images/products//eedd43ae9220408db36f08640ae72666.jpg', 0, '2025-05-04 12:19:40');
INSERT INTO `product_image` (`id`, `product_id`, `image_url`, `sort`, `create_time`)
VALUES (80, 28, '/images/products//dd8ff6c849284b54b770dabd50d19d40.jpg', 0, '2025-05-04 12:20:26');
INSERT INTO `product_image` (`id`, `product_id`, `image_url`, `sort`, `create_time`)
VALUES (81, 29, '/images/products//14796f60dc3e4cf8806468eabd1957f5.jpg', 0, '2025-05-04 12:21:08');
INSERT INTO `product_image` (`id`, `product_id`, `image_url`, `sort`, `create_time`)
VALUES (82, 30, '/images/products//65b09ed029bf41a099843b38e8c2442e.jpg', 0, '2025-05-04 12:21:44');
INSERT INTO `recommendation` (`id`, `user_id`, `product_id`, `create_time`)
VALUES (1, 1, 27, '2025-05-03 21:32:30');
INSERT INTO `recommendation` (`id`, `user_id`, `product_id`, `create_time`)
VALUES (2, 1, 6, '2025-05-03 21:32:30');
INSERT INTO `recommendation` (`id`, `user_id`, `product_id`, `create_time`)
VALUES (3, 1, 13, '2025-05-03 21:32:30');
INSERT INTO `recommendation` (`id`, `user_id`, `product_id`, `create_time`)
VALUES (4, 1, 17, '2025-05-03 21:32:30');
INSERT INTO `recommendation` (`id`, `user_id`, `product_id`, `create_time`)
VALUES (5, 1, 7, '2025-05-03 21:32:30');
INSERT INTO `recommendation` (`id`, `user_id`, `product_id`, `create_time`)
VALUES (6, 1, 10, '2025-05-03 21:32:30');
INSERT INTO `recommendation` (`id`, `user_id`, `product_id`, `create_time`)
VALUES (7, 1, 12, '2025-05-03 21:32:30');
INSERT INTO `recommendation` (`id`, `user_id`, `product_id`, `create_time`)
VALUES (8, 1, 14, '2025-05-03 21:32:30');
INSERT INTO `recommendation` (`id`, `user_id`, `product_id`, `create_time`)
VALUES (9, 1, 24, '2025-05-03 21:32:30');
INSERT INTO `recommendation` (`id`, `user_id`, `product_id`, `create_time`)
VALUES (10, 1, 25, '2025-05-03 21:32:30');
INSERT INTO `recommendation` (`id`, `user_id`, `product_id`, `create_time`)
VALUES (11, 1, 28, '2025-05-03 21:52:57');
INSERT INTO `recommendation` (`id`, `user_id`, `product_id`, `create_time`)
VALUES (12, 1, 29, '2025-05-03 21:58:56');
INSERT INTO `recommendation` (`id`, `user_id`, `product_id`, `create_time`)
VALUES (13, 1, 9, '2025-05-03 21:59:49');
INSERT INTO `recommendation` (`id`, `user_id`, `product_id`, `create_time`)
VALUES (14, 1, 16, '2025-05-03 22:09:49');
INSERT INTO `recommendation` (`id`, `user_id`, `product_id`, `create_time`)
VALUES (15, 1, 22, '2025-05-03 22:10:07');
INSERT INTO `recommendation` (`id`, `user_id`, `product_id`, `create_time`)
VALUES (16, 1, 2, '2025-05-03 22:10:59');
INSERT INTO `recommendation` (`id`, `user_id`, `product_id`, `create_time`)
VALUES (17, 1, 26, '2025-05-03 22:40:06');
INSERT INTO `recommendation` (`id`, `user_id`, `product_id`, `create_time`)
VALUES (18, 1, 4, '2025-05-03 22:40:06');
INSERT INTO `recommendation` (`id`, `user_id`, `product_id`, `create_time`)
VALUES (19, 1, 3, '2025-05-03 22:40:06');
INSERT INTO `recommendation` (`id`, `user_id`, `product_id`, `create_time`)
VALUES (20, 15, 13, '2025-05-03 22:40:22');
INSERT INTO `recommendation` (`id`, `user_id`, `product_id`, `create_time`)
VALUES (21, 15, 22, '2025-05-03 22:40:22');
INSERT INTO `recommendation` (`id`, `user_id`, `product_id`, `create_time`)
VALUES (22, 15, 29, '2025-05-03 22:40:22');
INSERT INTO `recommendation` (`id`, `user_id`, `product_id`, `create_time`)
VALUES (23, 15, 6, '2025-05-03 22:40:22');
INSERT INTO `recommendation` (`id`, `user_id`, `product_id`, `create_time`)
VALUES (24, 15, 4, '2025-05-03 22:40:22');
INSERT INTO `recommendation` (`id`, `user_id`, `product_id`, `create_time`)
VALUES (25, 15, 14, '2025-05-03 22:40:22');
INSERT INTO `recommendation` (`id`, `user_id`, `product_id`, `create_time`)
VALUES (26, 15, 20, '2025-05-03 22:40:22');
INSERT INTO `recommendation` (`id`, `user_id`, `product_id`, `create_time`)
VALUES (27, 15, 24, '2025-05-03 22:40:22');
INSERT INTO `recommendation` (`id`, `user_id`, `product_id`, `create_time`)
VALUES (28, 15, 3, '2025-05-03 22:40:22');
INSERT INTO `recommendation` (`id`, `user_id`, `product_id`, `create_time`)
VALUES (29, 15, 7, '2025-05-03 22:40:22');
INSERT INTO `recommendation` (`id`, `user_id`, `product_id`, `create_time`)
VALUES (30, 12, 22, '2025-05-04 00:04:00');
INSERT INTO `recommendation` (`id`, `user_id`, `product_id`, `create_time`)
VALUES (31, 12, 13, '2025-05-04 00:04:00');
INSERT INTO `recommendation` (`id`, `user_id`, `product_id`, `create_time`)
VALUES (32, 12, 6, '2025-05-04 00:04:00');
INSERT INTO `recommendation` (`id`, `user_id`, `product_id`, `create_time`)
VALUES (33, 12, 25, '2025-05-04 00:04:00');
INSERT INTO `recommendation` (`id`, `user_id`, `product_id`, `create_time`)
VALUES (34, 12, 3, '2025-05-04 00:04:00');
INSERT INTO `recommendation` (`id`, `user_id`, `product_id`, `create_time`)
VALUES (35, 12, 18, '2025-05-04 00:04:00');
INSERT INTO `recommendation` (`id`, `user_id`, `product_id`, `create_time`)
VALUES (36, 12, 5, '2025-05-04 00:04:00');
INSERT INTO `recommendation` (`id`, `user_id`, `product_id`, `create_time`)
VALUES (37, 12, 8, '2025-05-04 00:04:00');
INSERT INTO `recommendation` (`id`, `user_id`, `product_id`, `create_time`)
VALUES (38, 12, 15, '2025-05-04 00:04:00');
INSERT INTO `recommendation` (`id`, `user_id`, `product_id`, `create_time`)
VALUES (39, 12, 19, '2025-05-04 00:04:00');
INSERT INTO `recommendation` (`id`, `user_id`, `product_id`, `create_time`)
VALUES (40, 22, 13, '2025-05-04 00:04:39');
INSERT INTO `recommendation` (`id`, `user_id`, `product_id`, `create_time`)
VALUES (41, 22, 1, '2025-05-04 00:04:39');
INSERT INTO `recommendation` (`id`, `user_id`, `product_id`, `create_time`)
VALUES (42, 22, 6, '2025-05-04 00:04:39');
INSERT INTO `recommendation` (`id`, `user_id`, `product_id`, `create_time`)
VALUES (43, 22, 25, '2025-05-04 00:04:39');
INSERT INTO `recommendation` (`id`, `user_id`, `product_id`, `create_time`)
VALUES (44, 22, 4, '2025-05-04 00:04:39');
INSERT INTO `recommendation` (`id`, `user_id`, `product_id`, `create_time`)
VALUES (45, 22, 14, '2025-05-04 00:04:39');
INSERT INTO `recommendation` (`id`, `user_id`, `product_id`, `create_time`)
VALUES (46, 22, 5, '2025-05-04 00:04:39');
INSERT INTO `recommendation` (`id`, `user_id`, `product_id`, `create_time`)
VALUES (47, 22, 8, '2025-05-04 00:04:39');
INSERT INTO `recommendation` (`id`, `user_id`, `product_id`, `create_time`)
VALUES (48, 22, 15, '2025-05-04 00:04:39');
INSERT INTO `recommendation` (`id`, `user_id`, `product_id`, `create_time`)
VALUES (49, 22, 19, '2025-05-04 00:04:39');
INSERT INTO `system_notification` (`id`, `user_id`, `content`, `is_read`, `create_time`)
VALUES (1, 1, '你们好', 1, '2025-05-03 22:14:14');
INSERT INTO `system_notification` (`id`, `user_id`, `content`, `is_read`, `create_time`)
VALUES (2, 2, '你们好', 0, '2025-05-03 22:14:14');
INSERT INTO `system_notification` (`id`, `user_id`, `content`, `is_read`, `create_time`)
VALUES (3, 3, '你们好', 0, '2025-05-03 22:14:14');
INSERT INTO `system_notification` (`id`, `user_id`, `content`, `is_read`, `create_time`)
VALUES (4, 4, '你们好', 0, '2025-05-03 22:14:14');
INSERT INTO `system_notification` (`id`, `user_id`, `content`, `is_read`, `create_time`)
VALUES (5, 5, '你们好', 0, '2025-05-03 22:14:14');
INSERT INTO `system_notification` (`id`, `user_id`, `content`, `is_read`, `create_time`)
VALUES (6, 6, '你们好', 0, '2025-05-03 22:14:14');
INSERT INTO `system_notification` (`id`, `user_id`, `content`, `is_read`, `create_time`)
VALUES (7, 7, '你们好', 0, '2025-05-03 22:14:14');
INSERT INTO `system_notification` (`id`, `user_id`, `content`, `is_read`, `create_time`)
VALUES (8, 8, '你们好', 0, '2025-05-03 22:14:14');
INSERT INTO `system_notification` (`id`, `user_id`, `content`, `is_read`, `create_time`)
VALUES (9, 9, '你们好', 0, '2025-05-03 22:14:14');
INSERT INTO `system_notification` (`id`, `user_id`, `content`, `is_read`, `create_time`)
VALUES (10, 10, '你们好', 0, '2025-05-03 22:14:14');
INSERT INTO `system_notification` (`id`, `user_id`, `content`, `is_read`, `create_time`)
VALUES (11, 11, '你们好', 0, '2025-05-03 22:14:14');
INSERT INTO `system_notification` (`id`, `user_id`, `content`, `is_read`, `create_time`)
VALUES (12, 12, '你们好', 1, '2025-05-03 22:14:14');
INSERT INTO `system_notification` (`id`, `user_id`, `content`, `is_read`, `create_time`)
VALUES (13, 13, '你们好', 0, '2025-05-03 22:14:14');
INSERT INTO `system_notification` (`id`, `user_id`, `content`, `is_read`, `create_time`)
VALUES (14, 14, '你们好', 0, '2025-05-03 22:14:14');
INSERT INTO `system_notification` (`id`, `user_id`, `content`, `is_read`, `create_time`)
VALUES (15, 15, '你们好', 1, '2025-05-03 22:14:14');
INSERT INTO `system_notification` (`id`, `user_id`, `content`, `is_read`, `create_time`)
VALUES (16, 16, '你们好', 0, '2025-05-03 22:14:14');
INSERT INTO `system_notification` (`id`, `user_id`, `content`, `is_read`, `create_time`)
VALUES (17, 17, '你们好', 0, '2025-05-03 22:14:14');
INSERT INTO `system_notification` (`id`, `user_id`, `content`, `is_read`, `create_time`)
VALUES (18, 18, '你们好', 0, '2025-05-03 22:14:14');
INSERT INTO `system_notification` (`id`, `user_id`, `content`, `is_read`, `create_time`)
VALUES (19, 19, '你们好', 1, '2025-05-03 22:14:14');
INSERT INTO `system_notification` (`id`, `user_id`, `content`, `is_read`, `create_time`)
VALUES (20, 20, '你们好', 0, '2025-05-03 22:14:14');
INSERT INTO `system_notification` (`id`, `user_id`, `content`, `is_read`, `create_time`)
VALUES (21, 21, '你们好', 0, '2025-05-03 22:14:14');
INSERT INTO `system_notification` (`id`, `user_id`, `content`, `is_read`, `create_time`)
VALUES (22, 8, '6', 0, '2025-05-04 11:34:09');
INSERT INTO `user` (`id`, `username`, `password`, `nickname`, `avatar`, `phone`, `email`, `credit_score`, `role`,
                    `create_time`, `update_time`, `deleted`)
VALUES (1, 'admin', '3b32279c2483cea75a5f7c219d25a331', '系统管理员',
        '/images/avatar/f3cc275fafbe4fb791141a6b38baa1d5.png', '13800000000', 'admin@secondhand.com', 100, 9,
        '2025-05-01 21:30:22', '2025-05-04 00:06:40', 0);
INSERT INTO `user` (`id`, `username`, `password`, `nickname`, `avatar`, `phone`, `email`, `credit_score`, `role`,
                    `create_time`, `update_time`, `deleted`)
VALUES (2, 'user01', '3b32279c2483cea75a5f7c219d25a331', '张三', '/images/avatar/f3cc275fafbe4fb791141a6b38baa1d5.png',
        '13700000001', 'user01@example.com', 98, 0, '2025-05-03 21:30:22', '2025-05-03 21:37:09', 0);
INSERT INTO `user` (`id`, `username`, `password`, `nickname`, `avatar`, `phone`, `email`, `credit_score`, `role`,
                    `create_time`, `update_time`, `deleted`)
VALUES (3, 'user02', '3b32279c2483cea75a5f7c219d25a331', '李四', '/images/avatar/f3cc275fafbe4fb791141a6b38baa1d5.png',
        '13700000002', 'user02@example.com', 100, 0, '2025-05-03 21:30:22', '2025-05-03 21:37:10', 0);
INSERT INTO `user` (`id`, `username`, `password`, `nickname`, `avatar`, `phone`, `email`, `credit_score`, `role`,
                    `create_time`, `update_time`, `deleted`)
VALUES (4, 'user03', '3b32279c2483cea75a5f7c219d25a331', '王五', '/images/avatar/f3cc275fafbe4fb791141a6b38baa1d5.png',
        '13700000003', 'user03@example.com', 95, 0, '2025-04-24 21:30:22', '2025-05-04 00:06:44', 0);
INSERT INTO `user` (`id`, `username`, `password`, `nickname`, `avatar`, `phone`, `email`, `credit_score`, `role`,
                    `create_time`, `update_time`, `deleted`)
VALUES (5, 'user04', '3b32279c2483cea75a5f7c219d25a331', '赵六', '/images/avatar/f3cc275fafbe4fb791141a6b38baa1d5.png',
        '13700000004', 'user04@example.com', 100, 0, '2025-04-24 21:30:22', '2025-05-04 00:06:55', 0);
INSERT INTO `user` (`id`, `username`, `password`, `nickname`, `avatar`, `phone`, `email`, `credit_score`, `role`,
                    `create_time`, `update_time`, `deleted`)
VALUES (6, 'user05', '3b32279c2483cea75a5f7c219d25a331', '小明', '/images/avatar/f3cc275fafbe4fb791141a6b38baa1d5.png',
        '13700000005', 'user05@example.com', 99, 0, '2025-05-03 21:30:22', '2025-05-03 21:37:13', 0);
INSERT INTO `user` (`id`, `username`, `password`, `nickname`, `avatar`, `phone`, `email`, `credit_score`, `role`,
                    `create_time`, `update_time`, `deleted`)
VALUES (7, 'user06', '3b32279c2483cea75a5f7c219d25a331', '小红', '/images/avatar/f3cc275fafbe4fb791141a6b38baa1d5.png',
        '13700000006', 'user06@example.com', 100, 0, '2025-04-01 21:30:22', '2025-05-04 00:06:51', 0);
INSERT INTO `user` (`id`, `username`, `password`, `nickname`, `avatar`, `phone`, `email`, `credit_score`, `role`,
                    `create_time`, `update_time`, `deleted`)
VALUES (8, 'user07', '3b32279c2483cea75a5f7c219d25a331', '小刚', '/images/avatar/f3cc275fafbe4fb791141a6b38baa1d5.png',
        '13700000007', 'user07@example.com', 100, 0, '2025-05-03 21:30:22', '2025-05-03 21:37:14', 0);
INSERT INTO `user` (`id`, `username`, `password`, `nickname`, `avatar`, `phone`, `email`, `credit_score`, `role`,
                    `create_time`, `update_time`, `deleted`)
VALUES (9, 'user08', '3b32279c2483cea75a5f7c219d25a331', '小丽', '/images/avatar/f3cc275fafbe4fb791141a6b38baa1d5.png',
        '13700000008', 'user08@example.com', 92, 0, '2025-05-03 21:30:22', '2025-05-03 21:37:15', 0);
INSERT INTO `user` (`id`, `username`, `password`, `nickname`, `avatar`, `phone`, `email`, `credit_score`, `role`,
                    `create_time`, `update_time`, `deleted`)
VALUES (10, 'user09', '3b32279c2483cea75a5f7c219d25a331', '大壮', '/images/avatar/f3cc275fafbe4fb791141a6b38baa1d5.png',
        '13700000009', 'user09@example.com', 100, 0, '2025-05-03 21:30:22', '2025-05-03 21:37:16', 0);
INSERT INTO `user` (`id`, `username`, `password`, `nickname`, `avatar`, `phone`, `email`, `credit_score`, `role`,
                    `create_time`, `update_time`, `deleted`)
VALUES (11, 'user10', '3b32279c2483cea75a5f7c219d25a331', '阿强', '/images/avatar/f3cc275fafbe4fb791141a6b38baa1d5.png',
        '13700000010', 'user10@example.com', 97, 0, '2025-05-03 21:30:22', '2025-05-03 21:37:17', 0);
INSERT INTO `user` (`id`, `username`, `password`, `nickname`, `avatar`, `phone`, `email`, `credit_score`, `role`,
                    `create_time`, `update_time`, `deleted`)
VALUES (12, 'user11', '3b32279c2483cea75a5f7c219d25a331', '欣欣', '/images/avatar/f3cc275fafbe4fb791141a6b38baa1d5.png',
        '13700000011', 'user11@example.com', 100, 0, '2025-05-03 21:30:22', '2025-05-03 21:37:18', 0);
INSERT INTO `user` (`id`, `username`, `password`, `nickname`, `avatar`, `phone`, `email`, `credit_score`, `role`,
                    `create_time`, `update_time`, `deleted`)
VALUES (13, 'user12', '3b32279c2483cea75a5f7c219d25a331', '亮亮', '/images/avatar/f3cc275fafbe4fb791141a6b38baa1d5.png',
        '13700000012', 'user12@example.com', 100, 0, '2025-05-03 21:30:22', '2025-05-03 21:37:19', 0);
INSERT INTO `user` (`id`, `username`, `password`, `nickname`, `avatar`, `phone`, `email`, `credit_score`, `role`,
                    `create_time`, `update_time`, `deleted`)
VALUES (14, 'user13', '3b32279c2483cea75a5f7c219d25a331', '婷婷', '/images/avatar/f3cc275fafbe4fb791141a6b38baa1d5.png',
        '13700000013', 'user13@example.com', 96, 0, '2025-05-03 21:30:22', '2025-05-03 21:37:20', 0);
INSERT INTO `user` (`id`, `username`, `password`, `nickname`, `avatar`, `phone`, `email`, `credit_score`, `role`,
                    `create_time`, `update_time`, `deleted`)
VALUES (15, 'user14', '3b32279c2483cea75a5f7c219d25a331', '聪聪', '/images/avatar/f3cc275fafbe4fb791141a6b38baa1d5.png',
        '13700000014', 'user14@example.com', 100, 0, '2025-05-03 21:30:22', '2025-05-03 21:37:21', 0);
INSERT INTO `user` (`id`, `username`, `password`, `nickname`, `avatar`, `phone`, `email`, `credit_score`, `role`,
                    `create_time`, `update_time`, `deleted`)
VALUES (16, 'user15', '3b32279c2483cea75a5f7c219d25a331', '文文', '/images/avatar/f3cc275fafbe4fb791141a6b38baa1d5.png',
        '13700000015', 'user15@example.com', 99, 0, '2025-03-06 21:30:22', '2025-05-04 00:07:12', 0);
INSERT INTO `user` (`id`, `username`, `password`, `nickname`, `avatar`, `phone`, `email`, `credit_score`, `role`,
                    `create_time`, `update_time`, `deleted`)
VALUES (17, 'user16', '3b32279c2483cea75a5f7c219d25a331', '天天', '/images/avatar/f3cc275fafbe4fb791141a6b38baa1d5.png',
        '13700000016', 'user16@example.com', 100, 0, '2025-05-03 21:30:22', '2025-05-03 21:37:23', 0);
INSERT INTO `user` (`id`, `username`, `password`, `nickname`, `avatar`, `phone`, `email`, `credit_score`, `role`,
                    `create_time`, `update_time`, `deleted`)
VALUES (18, 'user17', '3b32279c2483cea75a5f7c219d25a331', '小雨', '/images/avatar/f3cc275fafbe4fb791141a6b38baa1d5.png',
        '13700000017', 'user17@example.com', 100, 0, '2025-03-11 21:30:22', '2025-05-04 00:07:04', 0);
INSERT INTO `user` (`id`, `username`, `password`, `nickname`, `avatar`, `phone`, `email`, `credit_score`, `role`,
                    `create_time`, `update_time`, `deleted`)
VALUES (19, 'user18', '3b32279c2483cea75a5f7c219d25a331', '明明', '/images/avatar/f3cc275fafbe4fb791141a6b38baa1d5.png',
        '13700000018', 'user18@example.com', 93, 0, '2025-05-03 21:30:22', '2025-05-03 21:37:25', 0);
INSERT INTO `user` (`id`, `username`, `password`, `nickname`, `avatar`, `phone`, `email`, `credit_score`, `role`,
                    `create_time`, `update_time`, `deleted`)
VALUES (20, 'user19', '3b32279c2483cea75a5f7c219d25a331', '东东', '/images/avatar/f3cc275fafbe4fb791141a6b38baa1d5.png',
        '13700000019', 'user19@example.com', 100, 0, '2025-03-01 21:30:22', '2025-05-04 00:07:16', 0);
INSERT INTO `user` (`id`, `username`, `password`, `nickname`, `avatar`, `phone`, `email`, `credit_score`, `role`,
                    `create_time`, `update_time`, `deleted`)
VALUES (21, 'user20', '57d4ed8b6274a20688b12e9b6c99d484', '小花', '/images/avatar/f3cc275fafbe4fb791141a6b38baa1d5.png',
        '13700000020', 'user20@example.com', 98, 0, '2025-04-10 21:30:22', '2025-05-04 00:07:21', 0);
INSERT INTO `user` (`id`, `username`, `password`, `nickname`, `avatar`, `phone`, `email`, `credit_score`, `role`,
                    `create_time`, `update_time`, `deleted`)
VALUES (22, 'text', '3b32279c2483cea75a5f7c219d25a331', 'text', '/images/avatar//dbfd3ef8151a4ed19640d9380428989f.png',
        '', 'text@qq.com', 100, 0, '2025-05-04 00:00:38', '2025-05-04 00:00:38', 0);
